Hour=0, Sec=900, ControlIter=1, Element=Regulator.trans_addreg_rdt1844-rdt2155xx, Action= CHANGED 1 TAPS TO 1.00625.
Hour=0, Sec=1800, ControlIter=1, Element=Regulator.trans_addreg_rdt1844-rdt2155xx, Action= CHANGED 1 TAPS TO 1.0125.
Hour=6, Sec=1800, ControlIter=1, Element=Regulator.trans_addreg_rdt1844-rdt2155xx, Action= CHANGED 1 TAPS TO 1.01875.
Hour=19, Sec=0, ControlIter=1, Element=Regulator.trans_addreg_rdt1844-rdt2155xx, Action= CHANGED 1 TAPS TO 1.025.
Hour=26, Sec=900, ControlIter=1, Element=Regulator.trans_addreg_rdt1844-rdt2155xx, Action= CHANGED -1 TAPS TO 1.01875.
Hour=66, Sec=900, ControlIter=1, Element=Regulator.trans_addreg_rdt1844-rdt2155xx, Action= CHANGED 1 TAPS TO 1.025.
Hour=72, Sec=900, ControlIter=1, Element=Regulator.trans_addreg_rdt1844-rdt2155xx, Action= CHANGED -1 TAPS TO 1.01875.
Hour=90, Sec=1800, ControlIter=1, Element=Regulator.trans_addreg_rdt1844-rdt2155xx, Action= CHANGED 1 TAPS TO 1.025.
Hour=97, Sec=900, ControlIter=1, Element=Regulator.trans_addreg_rdt1844-rdt2155xx, Action= CHANGED -1 TAPS TO 1.01875.
Hour=115, Sec=0, ControlIter=1, Element=Regulator.trans_addreg_rdt1844-rdt2155xx, Action= CHANGED 1 TAPS TO 1.025.
Hour=121, Sec=900, ControlIter=1, Element=Regulator.trans_addreg_rdt1844-rdt2155xx, Action= CHANGED -1 TAPS TO 1.01875.
Hour=138, Sec=900, ControlIter=1, Element=Regulator.trans_addreg_rdt1844-rdt2155xx, Action= CHANGED 1 TAPS TO 1.025.
Hour=169, Sec=1800, ControlIter=1, Element=Regulator.trans_addreg_rdt1844-rdt2155xx, Action= CHANGED -1 TAPS TO 1.01875.
Hour=218, Sec=2700, ControlIter=1, Element=Regulator.trans_addreg_rdt1844-rdt2155xx, Action= CHANGED -1 TAPS TO 1.0125.
Hour=234, Sec=1800, ControlIter=1, Element=Regulator.trans_addreg_rdt1844-rdt2155xx, Action= CHANGED 1 TAPS TO 1.01875.
Hour=242, Sec=1800, ControlIter=1, Element=Regulator.trans_addreg_rdt1844-rdt2155xx, Action= CHANGED -1 TAPS TO 1.0125.
Hour=248, Sec=900, ControlIter=1, Element=Regulator.trans_addreg_rdt1844-rdt2155xx, Action= CHANGED 1 TAPS TO 1.01875.
Hour=264, Sec=2700, ControlIter=1, Element=Regulator.trans_addreg_rdt1844-rdt2155xx, Action= CHANGED -1 TAPS TO 1.0125.
Hour=282, Sec=900, ControlIter=1, Element=Regulator.trans_addreg_rdt1844-rdt2155xx, Action= CHANGED 1 TAPS TO 1.01875.
Hour=289, Sec=2700, ControlIter=1, Element=Regulator.trans_addreg_rdt1844-rdt2155xx, Action= CHANGED -1 TAPS TO 1.0125.
Hour=296, Sec=0, ControlIter=1, Element=Regulator.trans_addreg_rdt1844-rdt2155xx, Action= CHANGED 1 TAPS TO 1.01875.
Hour=343, Sec=900, ControlIter=1, Element=Regulator.trans_addreg_rdt1844-rdt2155xx, Action= CHANGED 1 TAPS TO 1.025.
Hour=360, Sec=1800, ControlIter=1, Element=Regulator.trans_addreg_rdt1844-rdt2155xx, Action= CHANGED -1 TAPS TO 1.01875.
Hour=401, Sec=900, ControlIter=1, Element=Regulator.trans_addreg_rdt1844-rdt2155xx, Action= CHANGED 1 TAPS TO 1.025.
Hour=409, Sec=900, ControlIter=1, Element=Regulator.trans_addreg_rdt1844-rdt2155xx, Action= CHANGED -1 TAPS TO 1.01875.
Hour=481, Sec=1800, ControlIter=1, Element=Regulator.trans_addreg_rdt1844-rdt2155xx, Action= CHANGED -1 TAPS TO 1.0125.
Hour=523, Sec=0, ControlIter=1, Element=Regulator.trans_addreg_rdt1844-rdt2155xx, Action= CHANGED 1 TAPS TO 1.01875.
Hour=530, Sec=900, ControlIter=1, Element=Regulator.trans_addreg_rdt1844-rdt2155xx, Action= CHANGED -1 TAPS TO 1.0125.
Hour=546, Sec=900, ControlIter=1, Element=Regulator.trans_addreg_rdt1844-rdt2155xx, Action= CHANGED 1 TAPS TO 1.01875.
Hour=554, Sec=900, ControlIter=1, Element=Regulator.trans_addreg_rdt1844-rdt2155xx, Action= CHANGED -1 TAPS TO 1.0125.
Hour=570, Sec=900, ControlIter=1, Element=Regulator.trans_addreg_rdt1844-rdt2155xx, Action= CHANGED 1 TAPS TO 1.01875.
Hour=627, Sec=1800, ControlIter=1, Element=Regulator.trans_addreg_rdt1844-rdt2155xx, Action= CHANGED -1 TAPS TO 1.0125.
Hour=641, Sec=2700, ControlIter=1, Element=Regulator.trans_addreg_rdt1844-rdt2155xx, Action= CHANGED 1 TAPS TO 1.01875.
Hour=649, Sec=2700, ControlIter=1, Element=Regulator.trans_addreg_rdt1844-rdt2155xx, Action= CHANGED -1 TAPS TO 1.0125.
Hour=665, Sec=2700, ControlIter=1, Element=Regulator.trans_addreg_rdt1844-rdt2155xx, Action= CHANGED 1 TAPS TO 1.01875.
Hour=673, Sec=900, ControlIter=1, Element=Regulator.trans_addreg_rdt1844-rdt2155xx, Action= CHANGED -1 TAPS TO 1.0125.
Hour=689, Sec=900, ControlIter=1, Element=Regulator.trans_addreg_rdt1844-rdt2155xx, Action= CHANGED 1 TAPS TO 1.01875.
Hour=770, Sec=900, ControlIter=1, Element=Regulator.trans_addreg_rdt1844-rdt2155xx, Action= CHANGED -1 TAPS TO 1.0125.
Hour=785, Sec=1800, ControlIter=1, Element=Regulator.trans_addreg_rdt1844-rdt2155xx, Action= CHANGED 1 TAPS TO 1.01875.
Hour=889, Sec=1800, ControlIter=1, Element=Regulator.trans_addreg_rdt1844-rdt2155xx, Action= CHANGED -1 TAPS TO 1.0125.
Hour=904, Sec=900, ControlIter=1, Element=Regulator.trans_addreg_rdt1844-rdt2155xx, Action= CHANGED 1 TAPS TO 1.01875.
Hour=985, Sec=2700, ControlIter=1, Element=Regulator.trans_addreg_rdt1844-rdt2155xx, Action= CHANGED -1 TAPS TO 1.0125.
Hour=1027, Sec=0, ControlIter=1, Element=Regulator.trans_addreg_rdt1844-rdt2155xx, Action= CHANGED 1 TAPS TO 1.01875.
Hour=1034, Sec=900, ControlIter=1, Element=Regulator.trans_addreg_rdt1844-rdt2155xx, Action= CHANGED -1 TAPS TO 1.0125.
Hour=1051, Sec=0, ControlIter=1, Element=Regulator.trans_addreg_rdt1844-rdt2155xx, Action= CHANGED 1 TAPS TO 1.01875.
Hour=1081, Sec=900, ControlIter=1, Element=Regulator.trans_addreg_rdt1844-rdt2155xx, Action= CHANGED -1 TAPS TO 1.0125.
Hour=1097, Sec=900, ControlIter=1, Element=Regulator.trans_addreg_rdt1844-rdt2155xx, Action= CHANGED 1 TAPS TO 1.01875.
Hour=1105, Sec=1800, ControlIter=1, Element=Regulator.trans_addreg_rdt1844-rdt2155xx, Action= CHANGED -1 TAPS TO 1.0125.
Hour=1117, Sec=0, ControlIter=1, Element=Regulator.trans_addreg_rdt1844-rdt2155xx, Action= CHANGED 1 TAPS TO 1.01875.
Hour=1129, Sec=900, ControlIter=1, Element=Regulator.trans_addreg_rdt1844-rdt2155xx, Action= CHANGED -1 TAPS TO 1.0125.
Hour=1145, Sec=1800, ControlIter=1, Element=Regulator.trans_addreg_rdt1844-rdt2155xx, Action= CHANGED 1 TAPS TO 1.01875.
Hour=1178, Sec=900, ControlIter=1, Element=Regulator.trans_addreg_rdt1844-rdt2155xx, Action= CHANGED -1 TAPS TO 1.0125.
Hour=1217, Sec=2700, ControlIter=1, Element=Regulator.trans_addreg_rdt1844-rdt2155xx, Action= CHANGED 1 TAPS TO 1.01875.
Hour=1225, Sec=900, ControlIter=1, Element=Regulator.trans_addreg_rdt1844-rdt2155xx, Action= CHANGED -1 TAPS TO 1.0125.
Hour=1241, Sec=900, ControlIter=1, Element=Regulator.trans_addreg_rdt1844-rdt2155xx, Action= CHANGED 1 TAPS TO 1.01875.
Hour=1249, Sec=1800, ControlIter=1, Element=Regulator.trans_addreg_rdt1844-rdt2155xx, Action= CHANGED -1 TAPS TO 1.0125.
Hour=1265, Sec=1800, ControlIter=1, Element=Regulator.trans_addreg_rdt1844-rdt2155xx, Action= CHANGED 1 TAPS TO 1.01875.
Hour=1272, Sec=2700, ControlIter=1, Element=Regulator.trans_addreg_rdt1844-rdt2155xx, Action= CHANGED -1 TAPS TO 1.0125.
Hour=1313, Sec=1800, ControlIter=1, Element=Regulator.trans_addreg_rdt1844-rdt2155xx, Action= CHANGED 1 TAPS TO 1.01875.
Hour=1322, Sec=900, ControlIter=1, Element=Regulator.trans_addreg_rdt1844-rdt2155xx, Action= CHANGED -1 TAPS TO 1.0125.
Hour=1339, Sec=2700, ControlIter=1, Element=Regulator.trans_addreg_rdt1844-rdt2155xx, Action= CHANGED 1 TAPS TO 1.01875.
Hour=1345, Sec=2700, ControlIter=1, Element=Regulator.trans_addreg_rdt1844-rdt2155xx, Action= CHANGED -1 TAPS TO 1.0125.
Hour=1362, Sec=900, ControlIter=1, Element=Regulator.trans_addreg_rdt1844-rdt2155xx, Action= CHANGED 1 TAPS TO 1.01875.
Hour=1393, Sec=2700, ControlIter=1, Element=Regulator.trans_addreg_rdt1844-rdt2155xx, Action= CHANGED -1 TAPS TO 1.0125.
Hour=1401, Sec=1800, ControlIter=1, Element=Regulator.trans_addreg_rdt1844-rdt2155xx, Action= CHANGED 1 TAPS TO 1.01875.
Hour=1418, Sec=0, ControlIter=1, Element=Regulator.trans_addreg_rdt1844-rdt2155xx, Action= CHANGED -1 TAPS TO 1.0125.
Hour=1553, Sec=900, ControlIter=1, Element=Regulator.trans_addreg_rdt1844-rdt2155xx, Action= CHANGED 1 TAPS TO 1.01875.
Hour=1636, Sec=2700, ControlIter=1, Element=Regulator.trans_addreg_rdt1844-rdt2155xx, Action= CHANGED -1 TAPS TO 1.0125.
Hour=1651, Sec=900, ControlIter=1, Element=Regulator.trans_addreg_rdt1844-rdt2155xx, Action= CHANGED 1 TAPS TO 1.01875.
Hour=1657, Sec=900, ControlIter=1, Element=Regulator.trans_addreg_rdt1844-rdt2155xx, Action= CHANGED -1 TAPS TO 1.0125.
Hour=1675, Sec=2700, ControlIter=1, Element=Regulator.trans_addreg_rdt1844-rdt2155xx, Action= CHANGED 1 TAPS TO 1.01875.
Hour=1777, Sec=2700, ControlIter=1, Element=Regulator.trans_addreg_rdt1844-rdt2155xx, Action= CHANGED -1 TAPS TO 1.0125.
Hour=1890, Sec=900, ControlIter=1, Element=Regulator.trans_addreg_rdt1844-rdt2155xx, Action= CHANGED 1 TAPS TO 1.01875.
Hour=2042, Sec=1800, ControlIter=1, Element=Regulator.trans_addreg_rdt1844-rdt2155xx, Action= CHANGED -1 TAPS TO 1.0125.
Hour=2059, Sec=900, ControlIter=1, Element=Regulator.trans_addreg_rdt1844-rdt2155xx, Action= CHANGED 1 TAPS TO 1.01875.
Hour=2065, Sec=2700, ControlIter=1, Element=Regulator.trans_addreg_rdt1844-rdt2155xx, Action= CHANGED -1 TAPS TO 1.0125.
Hour=2083, Sec=2700, ControlIter=1, Element=Regulator.trans_addreg_rdt1844-rdt2155xx, Action= CHANGED 1 TAPS TO 1.01875.
Hour=2088, Sec=900, ControlIter=1, Element=Regulator.trans_addreg_rdt1844-rdt2155xx, Action= CHANGED -1 TAPS TO 1.0125.
Hour=2105, Sec=900, ControlIter=1, Element=Regulator.trans_addreg_rdt1844-rdt2155xx, Action= CHANGED 1 TAPS TO 1.01875.
Hour=2113, Sec=0, ControlIter=1, Element=Regulator.trans_addreg_rdt1844-rdt2155xx, Action= CHANGED -1 TAPS TO 1.0125.
Hour=2177, Sec=1800, ControlIter=1, Element=Regulator.trans_addreg_rdt1844-rdt2155xx, Action= CHANGED 1 TAPS TO 1.01875.
Hour=2185, Sec=2700, ControlIter=1, Element=Regulator.trans_addreg_rdt1844-rdt2155xx, Action= CHANGED -1 TAPS TO 1.0125.
Hour=2200, Sec=1800, ControlIter=1, Element=Regulator.trans_addreg_rdt1844-rdt2155xx, Action= CHANGED 1 TAPS TO 1.01875.
Hour=2209, Sec=1800, ControlIter=1, Element=Regulator.trans_addreg_rdt1844-rdt2155xx, Action= CHANGED -1 TAPS TO 1.0125.
Hour=2324, Sec=0, ControlIter=1, Element=Regulator.trans_addreg_rdt1844-rdt2155xx, Action= CHANGED 1 TAPS TO 1.01875.
Hour=2352, Sec=2700, ControlIter=1, Element=Regulator.trans_addreg_rdt1844-rdt2155xx, Action= CHANGED -1 TAPS TO 1.0125.
Hour=2464, Sec=0, ControlIter=1, Element=Regulator.trans_addreg_rdt1844-rdt2155xx, Action= CHANGED 1 TAPS TO 1.01875.
Hour=2472, Sec=900, ControlIter=1, Element=Regulator.trans_addreg_rdt1844-rdt2155xx, Action= CHANGED -1 TAPS TO 1.0125.
Hour=2487, Sec=2700, ControlIter=1, Element=Regulator.trans_addreg_rdt1844-rdt2155xx, Action= CHANGED 1 TAPS TO 1.01875.
Hour=2496, Sec=900, ControlIter=1, Element=Regulator.trans_addreg_rdt1844-rdt2155xx, Action= CHANGED -1 TAPS TO 1.0125.
Hour=2512, Sec=900, ControlIter=1, Element=Regulator.trans_addreg_rdt1844-rdt2155xx, Action= CHANGED 1 TAPS TO 1.01875.
Hour=2520, Sec=1800, ControlIter=1, Element=Regulator.trans_addreg_rdt1844-rdt2155xx, Action= CHANGED -1 TAPS TO 1.0125.
Hour=2584, Sec=900, ControlIter=1, Element=Regulator.trans_addreg_rdt1844-rdt2155xx, Action= CHANGED 1 TAPS TO 1.01875.
Hour=2592, Sec=2700, ControlIter=1, Element=Regulator.trans_addreg_rdt1844-rdt2155xx, Action= CHANGED -1 TAPS TO 1.0125.
Hour=2634, Sec=900, ControlIter=1, Element=Regulator.trans_addreg_rdt1844-rdt2155xx, Action= CHANGED 1 TAPS TO 1.01875.
Hour=2641, Sec=0, ControlIter=1, Element=Regulator.trans_addreg_rdt1844-rdt2155xx, Action= CHANGED -1 TAPS TO 1.0125.
Hour=2657, Sec=900, ControlIter=1, Element=Regulator.trans_addreg_rdt1844-rdt2155xx, Action= CHANGED 1 TAPS TO 1.01875.
Hour=2663, Sec=0, ControlIter=1, Element=Regulator.trans_addreg_rdt1844-rdt2155xx, Action= CHANGED -1 TAPS TO 1.0125.
Hour=2752, Sec=900, ControlIter=1, Element=Regulator.trans_addreg_rdt1844-rdt2155xx, Action= CHANGED 1 TAPS TO 1.01875.
Hour=2759, Sec=1800, ControlIter=1, Element=Regulator.trans_addreg_rdt1844-rdt2155xx, Action= CHANGED -1 TAPS TO 1.0125.
Hour=2775, Sec=2700, ControlIter=1, Element=Regulator.trans_addreg_rdt1844-rdt2155xx, Action= CHANGED 1 TAPS TO 1.01875.
Hour=2783, Sec=1800, ControlIter=1, Element=Regulator.trans_addreg_rdt1844-rdt2155xx, Action= CHANGED -1 TAPS TO 1.0125.
Hour=2823, Sec=1800, ControlIter=1, Element=Regulator.trans_addreg_rdt1844-rdt2155xx, Action= CHANGED 1 TAPS TO 1.01875.
Hour=2832, Sec=0, ControlIter=1, Element=Regulator.trans_addreg_rdt1844-rdt2155xx, Action= CHANGED -1 TAPS TO 1.0125.
Hour=2872, Sec=2700, ControlIter=1, Element=Regulator.trans_addreg_rdt1844-rdt2155xx, Action= CHANGED 1 TAPS TO 1.01875.
Hour=2880, Sec=0, ControlIter=1, Element=Regulator.trans_addreg_rdt1844-rdt2155xx, Action= CHANGED -1 TAPS TO 1.0125.
Hour=2895, Sec=900, ControlIter=1, Element=Regulator.trans_addreg_rdt1844-rdt2155xx, Action= CHANGED 1 TAPS TO 1.01875.
Hour=2897, Sec=0, ControlIter=1, Element=Regulator.trans_addreg_rdt1844-rdt2155xx, Action= CHANGED 1 TAPS TO 1.025.
Hour=2902, Sec=1800, ControlIter=1, Element=Regulator.trans_addreg_rdt1844-rdt2155xx, Action= CHANGED -1 TAPS TO 1.01875.
Hour=2905, Sec=900, ControlIter=1, Element=Regulator.trans_addreg_rdt1844-rdt2155xx, Action= CHANGED -1 TAPS TO 1.0125.
Hour=2919, Sec=900, ControlIter=1, Element=Regulator.trans_addreg_rdt1844-rdt2155xx, Action= CHANGED 1 TAPS TO 1.01875.
Hour=2920, Sec=900, ControlIter=1, Element=Regulator.trans_addreg_rdt1844-rdt2155xx, Action= CHANGED 1 TAPS TO 1.025.
Hour=2926, Sec=900, ControlIter=1, Element=Regulator.trans_addreg_rdt1844-rdt2155xx, Action= CHANGED -1 TAPS TO 1.01875.
Hour=2928, Sec=2700, ControlIter=1, Element=Regulator.trans_addreg_rdt1844-rdt2155xx, Action= CHANGED -1 TAPS TO 1.0125.
Hour=2943, Sec=0, ControlIter=1, Element=Regulator.trans_addreg_rdt1844-rdt2155xx, Action= CHANGED 1 TAPS TO 1.01875.
Hour=2944, Sec=1800, ControlIter=1, Element=Regulator.trans_addreg_rdt1844-rdt2155xx, Action= CHANGED 1 TAPS TO 1.025.
Hour=2950, Sec=900, ControlIter=1, Element=Regulator.trans_addreg_rdt1844-rdt2155xx, Action= CHANGED -1 TAPS TO 1.01875.
Hour=2952, Sec=900, ControlIter=1, Element=Regulator.trans_addreg_rdt1844-rdt2155xx, Action= CHANGED -1 TAPS TO 1.0125.
Hour=2965, Sec=900, ControlIter=1, Element=Regulator.trans_addreg_rdt1844-rdt2155xx, Action= CHANGED 1 TAPS TO 1.01875.
Hour=2967, Sec=2700, ControlIter=1, Element=Regulator.trans_addreg_rdt1844-rdt2155xx, Action= CHANGED 1 TAPS TO 1.025.
Hour=2975, Sec=1800, ControlIter=1, Element=Regulator.trans_addreg_rdt1844-rdt2155xx, Action= CHANGED -1 TAPS TO 1.01875.
Hour=2979, Sec=2700, ControlIter=1, Element=Regulator.trans_addreg_rdt1844-rdt2155xx, Action= CHANGED -1 TAPS TO 1.0125.
Hour=2991, Sec=2700, ControlIter=1, Element=Regulator.trans_addreg_rdt1844-rdt2155xx, Action= CHANGED 1 TAPS TO 1.01875.
Hour=3001, Sec=1800, ControlIter=1, Element=Regulator.trans_addreg_rdt1844-rdt2155xx, Action= CHANGED -1 TAPS TO 1.0125.
Hour=3017, Sec=1800, ControlIter=1, Element=Regulator.trans_addreg_rdt1844-rdt2155xx, Action= CHANGED 1 TAPS TO 1.01875.
Hour=3024, Sec=900, ControlIter=1, Element=Regulator.trans_addreg_rdt1844-rdt2155xx, Action= CHANGED -1 TAPS TO 1.0125.
Hour=3039, Sec=1800, ControlIter=1, Element=Regulator.trans_addreg_rdt1844-rdt2155xx, Action= CHANGED 1 TAPS TO 1.01875.
Hour=3048, Sec=0, ControlIter=1, Element=Regulator.trans_addreg_rdt1844-rdt2155xx, Action= CHANGED -1 TAPS TO 1.0125.
Hour=3064, Sec=0, ControlIter=1, Element=Regulator.trans_addreg_rdt1844-rdt2155xx, Action= CHANGED 1 TAPS TO 1.01875.
Hour=3072, Sec=2700, ControlIter=1, Element=Regulator.trans_addreg_rdt1844-rdt2155xx, Action= CHANGED -1 TAPS TO 1.0125.
Hour=3087, Sec=900, ControlIter=1, Element=Regulator.trans_addreg_rdt1844-rdt2155xx, Action= CHANGED 1 TAPS TO 1.01875.
Hour=3088, Sec=2700, ControlIter=1, Element=Regulator.trans_addreg_rdt1844-rdt2155xx, Action= CHANGED 1 TAPS TO 1.025.
Hour=3094, Sec=900, ControlIter=1, Element=Regulator.trans_addreg_rdt1844-rdt2155xx, Action= CHANGED -1 TAPS TO 1.01875.
Hour=3096, Sec=2700, ControlIter=1, Element=Regulator.trans_addreg_rdt1844-rdt2155xx, Action= CHANGED -1 TAPS TO 1.0125.
Hour=3110, Sec=0, ControlIter=1, Element=Regulator.trans_addreg_rdt1844-rdt2155xx, Action= CHANGED 1 TAPS TO 1.01875.
Hour=3111, Sec=900, ControlIter=1, Element=Regulator.trans_addreg_rdt1844-rdt2155xx, Action= CHANGED 1 TAPS TO 1.025.
Hour=3118, Sec=900, ControlIter=1, Element=Regulator.trans_addreg_rdt1844-rdt2155xx, Action= CHANGED -1 TAPS TO 1.01875.
Hour=3120, Sec=2700, ControlIter=1, Element=Regulator.trans_addreg_rdt1844-rdt2155xx, Action= CHANGED -1 TAPS TO 1.0125.
Hour=3132, Sec=0, ControlIter=1, Element=Regulator.trans_addreg_rdt1844-rdt2155xx, Action= CHANGED 1 TAPS TO 1.01875.
Hour=3135, Sec=900, ControlIter=1, Element=Regulator.trans_addreg_rdt1844-rdt2155xx, Action= CHANGED 1 TAPS TO 1.025.
Hour=3143, Sec=2700, ControlIter=1, Element=Regulator.trans_addreg_rdt1844-rdt2155xx, Action= CHANGED -1 TAPS TO 1.01875.
Hour=3147, Sec=900, ControlIter=1, Element=Regulator.trans_addreg_rdt1844-rdt2155xx, Action= CHANGED -1 TAPS TO 1.0125.
Hour=3154, Sec=0, ControlIter=1, Element=Regulator.trans_addreg_rdt1844-rdt2155xx, Action= CHANGED 1 TAPS TO 1.01875.
Hour=3157, Sec=1800, ControlIter=1, Element=Regulator.trans_addreg_rdt1844-rdt2155xx, Action= CHANGED 1 TAPS TO 1.025.
Hour=3160, Sec=0, ControlIter=1, Element=Regulator.trans_addreg_rdt1844-rdt2155xx, Action= CHANGED 1 TAPS TO 1.03125.
Hour=3166, Sec=900, ControlIter=1, Element=Regulator.trans_addreg_rdt1844-rdt2155xx, Action= CHANGED -1 TAPS TO 1.025.
Hour=3168, Sec=900, ControlIter=1, Element=Regulator.trans_addreg_rdt1844-rdt2155xx, Action= CHANGED -1 TAPS TO 1.01875.
Hour=3179, Sec=2700, ControlIter=1, Element=Regulator.trans_addreg_rdt1844-rdt2155xx, Action= CHANGED 1 TAPS TO 1.025.
Hour=3184, Sec=900, ControlIter=1, Element=Regulator.trans_addreg_rdt1844-rdt2155xx, Action= CHANGED 1 TAPS TO 1.03125.
Hour=3190, Sec=2700, ControlIter=1, Element=Regulator.trans_addreg_rdt1844-rdt2155xx, Action= CHANGED -1 TAPS TO 1.025.
Hour=3192, Sec=900, ControlIter=1, Element=Regulator.trans_addreg_rdt1844-rdt2155xx, Action= CHANGED -1 TAPS TO 1.01875.
Hour=3204, Sec=2700, ControlIter=1, Element=Regulator.trans_addreg_rdt1844-rdt2155xx, Action= CHANGED 1 TAPS TO 1.025.
Hour=3207, Sec=900, ControlIter=1, Element=Regulator.trans_addreg_rdt1844-rdt2155xx, Action= CHANGED 1 TAPS TO 1.03125.
Hour=3214, Sec=900, ControlIter=1, Element=Regulator.trans_addreg_rdt1844-rdt2155xx, Action= CHANGED -1 TAPS TO 1.025.
Hour=3216, Sec=0, ControlIter=1, Element=Regulator.trans_addreg_rdt1844-rdt2155xx, Action= CHANGED -1 TAPS TO 1.01875.
Hour=3229, Sec=900, ControlIter=1, Element=Regulator.trans_addreg_rdt1844-rdt2155xx, Action= CHANGED 1 TAPS TO 1.025.
Hour=3238, Sec=2700, ControlIter=1, Element=Regulator.trans_addreg_rdt1844-rdt2155xx, Action= CHANGED -1 TAPS TO 1.01875.
Hour=3257, Sec=1800, ControlIter=1, Element=Regulator.trans_addreg_rdt1844-rdt2155xx, Action= CHANGED 1 TAPS TO 1.025.
Hour=3263, Sec=900, ControlIter=1, Element=Regulator.trans_addreg_rdt1844-rdt2155xx, Action= CHANGED -1 TAPS TO 1.01875.
Hour=3265, Sec=1800, ControlIter=1, Element=Regulator.trans_addreg_rdt1844-rdt2155xx, Action= CHANGED -1 TAPS TO 1.0125.
Hour=3278, Sec=1800, ControlIter=1, Element=Regulator.trans_addreg_rdt1844-rdt2155xx, Action= CHANGED 1 TAPS TO 1.01875.
Hour=3315, Sec=0, ControlIter=1, Element=Regulator.trans_addreg_rdt1844-rdt2155xx, Action= CHANGED -1 TAPS TO 1.0125.
Hour=3326, Sec=900, ControlIter=1, Element=Regulator.trans_addreg_rdt1844-rdt2155xx, Action= CHANGED 1 TAPS TO 1.01875.
Hour=3328, Sec=900, ControlIter=1, Element=Regulator.trans_addreg_rdt1844-rdt2155xx, Action= CHANGED 1 TAPS TO 1.025.
Hour=3336, Sec=0, ControlIter=1, Element=Regulator.trans_addreg_rdt1844-rdt2155xx, Action= CHANGED -1 TAPS TO 1.01875.
Hour=3352, Sec=0, ControlIter=1, Element=Regulator.trans_addreg_rdt1844-rdt2155xx, Action= CHANGED 1 TAPS TO 1.025.
Hour=3358, Sec=2700, ControlIter=1, Element=Regulator.trans_addreg_rdt1844-rdt2155xx, Action= CHANGED -1 TAPS TO 1.01875.
Hour=3377, Sec=1800, ControlIter=1, Element=Regulator.trans_addreg_rdt1844-rdt2155xx, Action= CHANGED 1 TAPS TO 1.025.
Hour=3382, Sec=0, ControlIter=1, Element=Regulator.trans_addreg_rdt1844-rdt2155xx, Action= CHANGED -1 TAPS TO 1.01875.
Hour=3385, Sec=1800, ControlIter=1, Element=Regulator.trans_addreg_rdt1844-rdt2155xx, Action= CHANGED -1 TAPS TO 1.0125.
Hour=3393, Sec=900, ControlIter=1, Element=Regulator.trans_addreg_rdt1844-rdt2155xx, Action= CHANGED 1 TAPS TO 1.01875.
Hour=3399, Sec=900, ControlIter=1, Element=Regulator.trans_addreg_rdt1844-rdt2155xx, Action= CHANGED 1 TAPS TO 1.025.
Hour=3400, Sec=900, ControlIter=1, Element=Regulator.trans_addreg_rdt1844-rdt2155xx, Action= CHANGED 1 TAPS TO 1.03125.
Hour=3406, Sec=1800, ControlIter=1, Element=Regulator.trans_addreg_rdt1844-rdt2155xx, Action= CHANGED -1 TAPS TO 1.025.
Hour=3407, Sec=1800, ControlIter=1, Element=Regulator.trans_addreg_rdt1844-rdt2155xx, Action= CHANGED -1 TAPS TO 1.01875.
Hour=3422, Sec=900, ControlIter=1, Element=Regulator.trans_addreg_rdt1844-rdt2155xx, Action= CHANGED 1 TAPS TO 1.025.
Hour=3432, Sec=900, ControlIter=1, Element=Regulator.trans_addreg_rdt1844-rdt2155xx, Action= CHANGED -1 TAPS TO 1.01875.
Hour=3448, Sec=1800, ControlIter=1, Element=Regulator.trans_addreg_rdt1844-rdt2155xx, Action= CHANGED 1 TAPS TO 1.025.
Hour=3455, Sec=2700, ControlIter=1, Element=Regulator.trans_addreg_rdt1844-rdt2155xx, Action= CHANGED -1 TAPS TO 1.01875.
Hour=3473, Sec=1800, ControlIter=1, Element=Regulator.trans_addreg_rdt1844-rdt2155xx, Action= CHANGED 1 TAPS TO 1.025.
Hour=3479, Sec=900, ControlIter=1, Element=Regulator.trans_addreg_rdt1844-rdt2155xx, Action= CHANGED -1 TAPS TO 1.01875.
Hour=3496, Sec=1800, ControlIter=1, Element=Regulator.trans_addreg_rdt1844-rdt2155xx, Action= CHANGED 1 TAPS TO 1.025.
Hour=3502, Sec=2700, ControlIter=1, Element=Regulator.trans_addreg_rdt1844-rdt2155xx, Action= CHANGED -1 TAPS TO 1.01875.
Hour=3520, Sec=900, ControlIter=1, Element=Regulator.trans_addreg_rdt1844-rdt2155xx, Action= CHANGED 1 TAPS TO 1.025.
Hour=3527, Sec=1800, ControlIter=1, Element=Regulator.trans_addreg_rdt1844-rdt2155xx, Action= CHANGED -1 TAPS TO 1.01875.
Hour=3555, Sec=0, ControlIter=1, Element=Regulator.trans_addreg_rdt1844-rdt2155xx, Action= CHANGED -1 TAPS TO 1.0125.
Hour=3566, Sec=1800, ControlIter=1, Element=Regulator.trans_addreg_rdt1844-rdt2155xx, Action= CHANGED 1 TAPS TO 1.01875.
Hour=3569, Sec=0, ControlIter=1, Element=Regulator.trans_addreg_rdt1844-rdt2155xx, Action= CHANGED 1 TAPS TO 1.025.
Hour=3575, Sec=0, ControlIter=1, Element=Regulator.trans_addreg_rdt1844-rdt2155xx, Action= CHANGED -1 TAPS TO 1.01875.
Hour=3591, Sec=1800, ControlIter=1, Element=Regulator.trans_addreg_rdt1844-rdt2155xx, Action= CHANGED 1 TAPS TO 1.025.
Hour=3599, Sec=900, ControlIter=1, Element=Regulator.trans_addreg_rdt1844-rdt2155xx, Action= CHANGED -1 TAPS TO 1.01875.
Hour=3615, Sec=900, ControlIter=1, Element=Regulator.trans_addreg_rdt1844-rdt2155xx, Action= CHANGED 1 TAPS TO 1.025.
Hour=3616, Sec=2700, ControlIter=1, Element=Regulator.trans_addreg_rdt1844-rdt2155xx, Action= CHANGED 1 TAPS TO 1.03125.
Hour=3621, Sec=2700, ControlIter=1, Element=Regulator.trans_addreg_rdt1844-rdt2155xx, Action= CHANGED -1 TAPS TO 1.025.
Hour=3623, Sec=1800, ControlIter=1, Element=Regulator.trans_addreg_rdt1844-rdt2155xx, Action= CHANGED -1 TAPS TO 1.01875.
Hour=3638, Sec=2700, ControlIter=1, Element=Regulator.trans_addreg_rdt1844-rdt2155xx, Action= CHANGED 1 TAPS TO 1.025.
Hour=3640, Sec=1800, ControlIter=1, Element=Regulator.trans_addreg_rdt1844-rdt2155xx, Action= CHANGED 1 TAPS TO 1.03125.
Hour=3645, Sec=0, ControlIter=1, Element=Regulator.trans_addreg_rdt1844-rdt2155xx, Action= CHANGED -1 TAPS TO 1.025.
Hour=3646, Sec=2700, ControlIter=1, Element=Regulator.trans_addreg_rdt1844-rdt2155xx, Action= CHANGED -1 TAPS TO 1.01875.
Hour=3662, Sec=1800, ControlIter=1, Element=Regulator.trans_addreg_rdt1844-rdt2155xx, Action= CHANGED 1 TAPS TO 1.025.
Hour=3672, Sec=900, ControlIter=1, Element=Regulator.trans_addreg_rdt1844-rdt2155xx, Action= CHANGED -1 TAPS TO 1.01875.
Hour=3686, Sec=2700, ControlIter=1, Element=Regulator.trans_addreg_rdt1844-rdt2155xx, Action= CHANGED 1 TAPS TO 1.025.
Hour=3688, Sec=1800, ControlIter=1, Element=Regulator.trans_addreg_rdt1844-rdt2155xx, Action= CHANGED 1 TAPS TO 1.03125.
Hour=3694, Sec=900, ControlIter=1, Element=Regulator.trans_addreg_rdt1844-rdt2155xx, Action= CHANGED -1 TAPS TO 1.025.
Hour=3696, Sec=1800, ControlIter=1, Element=Regulator.trans_addreg_rdt1844-rdt2155xx, Action= CHANGED -1 TAPS TO 1.01875.
Hour=3712, Sec=0, ControlIter=1, Element=Regulator.trans_addreg_rdt1844-rdt2155xx, Action= CHANGED 1 TAPS TO 1.025.
Hour=3718, Sec=2700, ControlIter=1, Element=Regulator.trans_addreg_rdt1844-rdt2155xx, Action= CHANGED -1 TAPS TO 1.01875.
Hour=3723, Sec=0, ControlIter=1, Element=Regulator.trans_addreg_rdt1844-rdt2155xx, Action= CHANGED -1 TAPS TO 1.0125.
Hour=3735, Sec=0, ControlIter=1, Element=Regulator.trans_addreg_rdt1844-rdt2155xx, Action= CHANGED 1 TAPS TO 1.01875.
Hour=3736, Sec=1800, ControlIter=1, Element=Regulator.trans_addreg_rdt1844-rdt2155xx, Action= CHANGED 1 TAPS TO 1.025.
Hour=3742, Sec=2700, ControlIter=1, Element=Regulator.trans_addreg_rdt1844-rdt2155xx, Action= CHANGED -1 TAPS TO 1.01875.
Hour=3746, Sec=0, ControlIter=1, Element=Regulator.trans_addreg_rdt1844-rdt2155xx, Action= CHANGED -1 TAPS TO 1.0125.
Hour=3755, Sec=1800, ControlIter=1, Element=Regulator.trans_addreg_rdt1844-rdt2155xx, Action= CHANGED 1 TAPS TO 1.01875.
Hour=3760, Sec=900, ControlIter=1, Element=Regulator.trans_addreg_rdt1844-rdt2155xx, Action= CHANGED 1 TAPS TO 1.025.
Hour=3767, Sec=1800, ControlIter=1, Element=Regulator.trans_addreg_rdt1844-rdt2155xx, Action= CHANGED -1 TAPS TO 1.01875.
Hour=3784, Sec=900, ControlIter=1, Element=Regulator.trans_addreg_rdt1844-rdt2155xx, Action= CHANGED 1 TAPS TO 1.025.
Hour=3792, Sec=900, ControlIter=1, Element=Regulator.trans_addreg_rdt1844-rdt2155xx, Action= CHANGED -1 TAPS TO 1.01875.
Hour=3807, Sec=900, ControlIter=1, Element=Regulator.trans_addreg_rdt1844-rdt2155xx, Action= CHANGED 1 TAPS TO 1.025.
Hour=3808, Sec=1800, ControlIter=1, Element=Regulator.trans_addreg_rdt1844-rdt2155xx, Action= CHANGED 1 TAPS TO 1.03125.
Hour=3813, Sec=2700, ControlIter=1, Element=Regulator.trans_addreg_rdt1844-rdt2155xx, Action= CHANGED -1 TAPS TO 1.025.
Hour=3816, Sec=900, ControlIter=1, Element=Regulator.trans_addreg_rdt1844-rdt2155xx, Action= CHANGED -1 TAPS TO 1.01875.
Hour=3830, Sec=1800, ControlIter=1, Element=Regulator.trans_addreg_rdt1844-rdt2155xx, Action= CHANGED 1 TAPS TO 1.025.
Hour=3839, Sec=900, ControlIter=1, Element=Regulator.trans_addreg_rdt1844-rdt2155xx, Action= CHANGED -1 TAPS TO 1.01875.
Hour=3854, Sec=2700, ControlIter=1, Element=Regulator.trans_addreg_rdt1844-rdt2155xx, Action= CHANGED 1 TAPS TO 1.025.
Hour=3857, Sec=0, ControlIter=1, Element=Regulator.trans_addreg_rdt1844-rdt2155xx, Action= CHANGED 1 TAPS TO 1.03125.
Hour=3862, Sec=1800, ControlIter=1, Element=Regulator.trans_addreg_rdt1844-rdt2155xx, Action= CHANGED -1 TAPS TO 1.025.
Hour=3864, Sec=2700, ControlIter=1, Element=Regulator.trans_addreg_rdt1844-rdt2155xx, Action= CHANGED -1 TAPS TO 1.01875.
Hour=3876, Sec=0, ControlIter=1, Element=Regulator.trans_addreg_rdt1844-rdt2155xx, Action= CHANGED 1 TAPS TO 1.025.
Hour=3886, Sec=1800, ControlIter=1, Element=Regulator.trans_addreg_rdt1844-rdt2155xx, Action= CHANGED -1 TAPS TO 1.01875.
Hour=3889, Sec=900, ControlIter=1, Element=Regulator.trans_addreg_rdt1844-rdt2155xx, Action= CHANGED -1 TAPS TO 1.0125.
Hour=3926, Sec=1800, ControlIter=1, Element=Regulator.trans_addreg_rdt1844-rdt2155xx, Action= CHANGED 1 TAPS TO 1.01875.
Hour=3927, Sec=1800, ControlIter=1, Element=Regulator.trans_addreg_rdt1844-rdt2155xx, Action= CHANGED 1 TAPS TO 1.025.
Hour=3936, Sec=0, ControlIter=1, Element=Regulator.trans_addreg_rdt1844-rdt2155xx, Action= CHANGED -1 TAPS TO 1.01875.
Hour=3949, Sec=2700, ControlIter=1, Element=Regulator.trans_addreg_rdt1844-rdt2155xx, Action= CHANGED 1 TAPS TO 1.025.
Hour=3951, Sec=2700, ControlIter=1, Element=Regulator.trans_addreg_rdt1844-rdt2155xx, Action= CHANGED 1 TAPS TO 1.03125.
Hour=3958, Sec=2700, ControlIter=1, Element=Regulator.trans_addreg_rdt1844-rdt2155xx, Action= CHANGED -1 TAPS TO 1.025.
Hour=3961, Sec=900, ControlIter=1, Element=Regulator.trans_addreg_rdt1844-rdt2155xx, Action= CHANGED -1 TAPS TO 1.01875.
Hour=3974, Sec=2700, ControlIter=1, Element=Regulator.trans_addreg_rdt1844-rdt2155xx, Action= CHANGED 1 TAPS TO 1.025.
Hour=3976, Sec=0, ControlIter=1, Element=Regulator.trans_addreg_rdt1844-rdt2155xx, Action= CHANGED 1 TAPS TO 1.03125.
Hour=3982, Sec=0, ControlIter=1, Element=Regulator.trans_addreg_rdt1844-rdt2155xx, Action= CHANGED -1 TAPS TO 1.025.
Hour=3984, Sec=900, ControlIter=1, Element=Regulator.trans_addreg_rdt1844-rdt2155xx, Action= CHANGED -1 TAPS TO 1.01875.
Hour=3998, Sec=1800, ControlIter=1, Element=Regulator.trans_addreg_rdt1844-rdt2155xx, Action= CHANGED 1 TAPS TO 1.025.
Hour=4009, Sec=0, ControlIter=1, Element=Regulator.trans_addreg_rdt1844-rdt2155xx, Action= CHANGED -1 TAPS TO 1.01875.
Hour=4018, Sec=2700, ControlIter=1, Element=Regulator.trans_addreg_rdt1844-rdt2155xx, Action= CHANGED 1 TAPS TO 1.025.
Hour=4022, Sec=900, ControlIter=1, Element=Regulator.trans_addreg_rdt1844-rdt2155xx, Action= CHANGED 1 TAPS TO 1.03125.
Hour=4024, Sec=1800, ControlIter=1, Element=Regulator.trans_addreg_rdt1844-rdt2155xx, Action= CHANGED 1 TAPS TO 1.0375.
Hour=4029, Sec=1800, ControlIter=1, Element=Regulator.trans_addreg_rdt1844-rdt2155xx, Action= CHANGED -1 TAPS TO 1.03125.
Hour=4030, Sec=2700, ControlIter=1, Element=Regulator.trans_addreg_rdt1844-rdt2155xx, Action= CHANGED -1 TAPS TO 1.025.
Hour=4034, Sec=2700, ControlIter=1, Element=Regulator.trans_addreg_rdt1844-rdt2155xx, Action= CHANGED -1 TAPS TO 1.01875.
Hour=4041, Sec=2700, ControlIter=1, Element=Regulator.trans_addreg_rdt1844-rdt2155xx, Action= CHANGED 1 TAPS TO 1.025.
Hour=4047, Sec=900, ControlIter=1, Element=Regulator.trans_addreg_rdt1844-rdt2155xx, Action= CHANGED 1 TAPS TO 1.03125.
Hour=4048, Sec=900, ControlIter=1, Element=Regulator.trans_addreg_rdt1844-rdt2155xx, Action= CHANGED 1 TAPS TO 1.0375.
Hour=4053, Sec=1800, ControlIter=1, Element=Regulator.trans_addreg_rdt1844-rdt2155xx, Action= CHANGED -1 TAPS TO 1.03125.
Hour=4055, Sec=0, ControlIter=1, Element=Regulator.trans_addreg_rdt1844-rdt2155xx, Action= CHANGED -1 TAPS TO 1.025.
Hour=4058, Sec=900, ControlIter=1, Element=Regulator.trans_addreg_rdt1844-rdt2155xx, Action= CHANGED -1 TAPS TO 1.01875.
Hour=4065, Sec=2700, ControlIter=1, Element=Regulator.trans_addreg_rdt1844-rdt2155xx, Action= CHANGED 1 TAPS TO 1.025.
Hour=4070, Sec=900, ControlIter=1, Element=Regulator.trans_addreg_rdt1844-rdt2155xx, Action= CHANGED 1 TAPS TO 1.03125.
Hour=4071, Sec=2700, ControlIter=1, Element=Regulator.trans_addreg_rdt1844-rdt2155xx, Action= CHANGED 1 TAPS TO 1.0375.
Hour=4077, Sec=1800, ControlIter=1, Element=Regulator.trans_addreg_rdt1844-rdt2155xx, Action= CHANGED -1 TAPS TO 1.03125.
Hour=4078, Sec=2700, ControlIter=1, Element=Regulator.trans_addreg_rdt1844-rdt2155xx, Action= CHANGED -1 TAPS TO 1.025.
Hour=4097, Sec=1800, ControlIter=1, Element=Regulator.trans_addreg_rdt1844-rdt2155xx, Action= CHANGED 1 TAPS TO 1.03125.
Hour=4103, Sec=0, ControlIter=1, Element=Regulator.trans_addreg_rdt1844-rdt2155xx, Action= CHANGED -1 TAPS TO 1.025.
Hour=4104, Sec=1800, ControlIter=1, Element=Regulator.trans_addreg_rdt1844-rdt2155xx, Action= CHANGED -1 TAPS TO 1.01875.
Hour=4114, Sec=2700, ControlIter=1, Element=Regulator.trans_addreg_rdt1844-rdt2155xx, Action= CHANGED 1 TAPS TO 1.025.
Hour=4121, Sec=0, ControlIter=1, Element=Regulator.trans_addreg_rdt1844-rdt2155xx, Action= CHANGED 1 TAPS TO 1.03125.
Hour=4126, Sec=0, ControlIter=1, Element=Regulator.trans_addreg_rdt1844-rdt2155xx, Action= CHANGED -1 TAPS TO 1.025.
Hour=4128, Sec=900, ControlIter=1, Element=Regulator.trans_addreg_rdt1844-rdt2155xx, Action= CHANGED -1 TAPS TO 1.01875.
Hour=4142, Sec=2700, ControlIter=1, Element=Regulator.trans_addreg_rdt1844-rdt2155xx, Action= CHANGED 1 TAPS TO 1.025.
Hour=4143, Sec=1800, ControlIter=1, Element=Regulator.trans_addreg_rdt1844-rdt2155xx, Action= CHANGED 1 TAPS TO 1.03125.
Hour=4150, Sec=1800, ControlIter=1, Element=Regulator.trans_addreg_rdt1844-rdt2155xx, Action= CHANGED -1 TAPS TO 1.025.
Hour=4152, Sec=900, ControlIter=1, Element=Regulator.trans_addreg_rdt1844-rdt2155xx, Action= CHANGED -1 TAPS TO 1.01875.
Hour=4167, Sec=1800, ControlIter=1, Element=Regulator.trans_addreg_rdt1844-rdt2155xx, Action= CHANGED 1 TAPS TO 1.025.
Hour=4168, Sec=900, ControlIter=1, Element=Regulator.trans_addreg_rdt1844-rdt2155xx, Action= CHANGED 1 TAPS TO 1.03125.
Hour=4175, Sec=0, ControlIter=1, Element=Regulator.trans_addreg_rdt1844-rdt2155xx, Action= CHANGED -1 TAPS TO 1.025.
Hour=4177, Sec=2700, ControlIter=1, Element=Regulator.trans_addreg_rdt1844-rdt2155xx, Action= CHANGED -1 TAPS TO 1.01875.
Hour=4190, Sec=1800, ControlIter=1, Element=Regulator.trans_addreg_rdt1844-rdt2155xx, Action= CHANGED 1 TAPS TO 1.025.
Hour=4191, Sec=0, ControlIter=1, Element=Regulator.trans_addreg_rdt1844-rdt2155xx, Action= CHANGED 1 TAPS TO 1.03125.
Hour=4198, Sec=1800, ControlIter=1, Element=Regulator.trans_addreg_rdt1844-rdt2155xx, Action= CHANGED -1 TAPS TO 1.025.
Hour=4201, Sec=2700, ControlIter=1, Element=Regulator.trans_addreg_rdt1844-rdt2155xx, Action= CHANGED -1 TAPS TO 1.01875.
Hour=4210, Sec=0, ControlIter=1, Element=Regulator.trans_addreg_rdt1844-rdt2155xx, Action= CHANGED 1 TAPS TO 1.025.
Hour=4216, Sec=900, ControlIter=1, Element=Regulator.trans_addreg_rdt1844-rdt2155xx, Action= CHANGED 1 TAPS TO 1.03125.
Hour=4221, Sec=2700, ControlIter=1, Element=Regulator.trans_addreg_rdt1844-rdt2155xx, Action= CHANGED -1 TAPS TO 1.025.
Hour=4223, Sec=0, ControlIter=1, Element=Regulator.trans_addreg_rdt1844-rdt2155xx, Action= CHANGED -1 TAPS TO 1.01875.
Hour=4249, Sec=2700, ControlIter=1, Element=Regulator.trans_addreg_rdt1844-rdt2155xx, Action= CHANGED -1 TAPS TO 1.0125.
Hour=4261, Sec=1800, ControlIter=1, Element=Regulator.trans_addreg_rdt1844-rdt2155xx, Action= CHANGED 1 TAPS TO 1.01875.
Hour=4263, Sec=1800, ControlIter=1, Element=Regulator.trans_addreg_rdt1844-rdt2155xx, Action= CHANGED 1 TAPS TO 1.025.
Hour=4271, Sec=2700, ControlIter=1, Element=Regulator.trans_addreg_rdt1844-rdt2155xx, Action= CHANGED -1 TAPS TO 1.01875.
Hour=4285, Sec=2700, ControlIter=1, Element=Regulator.trans_addreg_rdt1844-rdt2155xx, Action= CHANGED 1 TAPS TO 1.025.
Hour=4288, Sec=900, ControlIter=1, Element=Regulator.trans_addreg_rdt1844-rdt2155xx, Action= CHANGED 1 TAPS TO 1.03125.
Hour=4294, Sec=1800, ControlIter=1, Element=Regulator.trans_addreg_rdt1844-rdt2155xx, Action= CHANGED -1 TAPS TO 1.025.
Hour=4297, Sec=900, ControlIter=1, Element=Regulator.trans_addreg_rdt1844-rdt2155xx, Action= CHANGED -1 TAPS TO 1.01875.
Hour=4308, Sec=900, ControlIter=1, Element=Regulator.trans_addreg_rdt1844-rdt2155xx, Action= CHANGED 1 TAPS TO 1.025.
Hour=4312, Sec=900, ControlIter=1, Element=Regulator.trans_addreg_rdt1844-rdt2155xx, Action= CHANGED 1 TAPS TO 1.03125.
Hour=4318, Sec=1800, ControlIter=1, Element=Regulator.trans_addreg_rdt1844-rdt2155xx, Action= CHANGED -1 TAPS TO 1.025.
Hour=4320, Sec=2700, ControlIter=1, Element=Regulator.trans_addreg_rdt1844-rdt2155xx, Action= CHANGED -1 TAPS TO 1.01875.
Hour=4331, Sec=0, ControlIter=1, Element=Regulator.trans_addreg_rdt1844-rdt2155xx, Action= CHANGED 1 TAPS TO 1.025.
Hour=4335, Sec=900, ControlIter=1, Element=Regulator.trans_addreg_rdt1844-rdt2155xx, Action= CHANGED 1 TAPS TO 1.03125.
Hour=4336, Sec=900, ControlIter=1, Element=Regulator.trans_addreg_rdt1844-rdt2155xx, Action= CHANGED 1 TAPS TO 1.0375.
Hour=4342, Sec=0, ControlIter=1, Element=Regulator.trans_addreg_rdt1844-rdt2155xx, Action= CHANGED -1 TAPS TO 1.03125.
Hour=4343, Sec=900, ControlIter=1, Element=Regulator.trans_addreg_rdt1844-rdt2155xx, Action= CHANGED -1 TAPS TO 1.025.
Hour=4346, Sec=2700, ControlIter=1, Element=Regulator.trans_addreg_rdt1844-rdt2155xx, Action= CHANGED -1 TAPS TO 1.01875.
Hour=4353, Sec=2700, ControlIter=1, Element=Regulator.trans_addreg_rdt1844-rdt2155xx, Action= CHANGED 1 TAPS TO 1.025.
Hour=4359, Sec=900, ControlIter=1, Element=Regulator.trans_addreg_rdt1844-rdt2155xx, Action= CHANGED 1 TAPS TO 1.03125.
Hour=4361, Sec=1800, ControlIter=1, Element=Regulator.trans_addreg_rdt1844-rdt2155xx, Action= CHANGED 1 TAPS TO 1.0375.
Hour=4365, Sec=2700, ControlIter=1, Element=Regulator.trans_addreg_rdt1844-rdt2155xx, Action= CHANGED -1 TAPS TO 1.03125.
Hour=4367, Sec=2700, ControlIter=1, Element=Regulator.trans_addreg_rdt1844-rdt2155xx, Action= CHANGED -1 TAPS TO 1.025.
Hour=4382, Sec=900, ControlIter=1, Element=Regulator.trans_addreg_rdt1844-rdt2155xx, Action= CHANGED 1 TAPS TO 1.03125.
Hour=4384, Sec=900, ControlIter=1, Element=Regulator.trans_addreg_rdt1844-rdt2155xx, Action= CHANGED 1 TAPS TO 1.0375.
Hour=4390, Sec=900, ControlIter=1, Element=Regulator.trans_addreg_rdt1844-rdt2155xx, Action= CHANGED -1 TAPS TO 1.03125.
Hour=4391, Sec=2700, ControlIter=1, Element=Regulator.trans_addreg_rdt1844-rdt2155xx, Action= CHANGED -1 TAPS TO 1.025.
Hour=4407, Sec=0, ControlIter=1, Element=Regulator.trans_addreg_rdt1844-rdt2155xx, Action= CHANGED 1 TAPS TO 1.03125.
Hour=4408, Sec=0, ControlIter=1, Element=Regulator.trans_addreg_rdt1844-rdt2155xx, Action= CHANGED 1 TAPS TO 1.0375.
Hour=4414, Sec=0, ControlIter=1, Element=Regulator.trans_addreg_rdt1844-rdt2155xx, Action= CHANGED -1 TAPS TO 1.03125.
Hour=4415, Sec=900, ControlIter=1, Element=Regulator.trans_addreg_rdt1844-rdt2155xx, Action= CHANGED -1 TAPS TO 1.025.
Hour=4431, Sec=2700, ControlIter=1, Element=Regulator.trans_addreg_rdt1844-rdt2155xx, Action= CHANGED 1 TAPS TO 1.03125.
Hour=4439, Sec=0, ControlIter=1, Element=Regulator.trans_addreg_rdt1844-rdt2155xx, Action= CHANGED -1 TAPS TO 1.025.
Hour=4441, Sec=900, ControlIter=1, Element=Regulator.trans_addreg_rdt1844-rdt2155xx, Action= CHANGED -1 TAPS TO 1.01875.
Hour=4452, Sec=900, ControlIter=1, Element=Regulator.trans_addreg_rdt1844-rdt2155xx, Action= CHANGED 1 TAPS TO 1.025.
Hour=4455, Sec=900, ControlIter=1, Element=Regulator.trans_addreg_rdt1844-rdt2155xx, Action= CHANGED 1 TAPS TO 1.03125.
Hour=4457, Sec=1800, ControlIter=1, Element=Regulator.trans_addreg_rdt1844-rdt2155xx, Action= CHANGED 1 TAPS TO 1.0375.
Hour=4461, Sec=0, ControlIter=1, Element=Regulator.trans_addreg_rdt1844-rdt2155xx, Action= CHANGED -1 TAPS TO 1.03125.
Hour=4462, Sec=0, ControlIter=1, Element=Regulator.trans_addreg_rdt1844-rdt2155xx, Action= CHANGED -1 TAPS TO 1.025.
Hour=4465, Sec=900, ControlIter=1, Element=Regulator.trans_addreg_rdt1844-rdt2155xx, Action= CHANGED -1 TAPS TO 1.01875.
Hour=4474, Sec=2700, ControlIter=1, Element=Regulator.trans_addreg_rdt1844-rdt2155xx, Action= CHANGED 1 TAPS TO 1.025.
Hour=4487, Sec=900, ControlIter=1, Element=Regulator.trans_addreg_rdt1844-rdt2155xx, Action= CHANGED -1 TAPS TO 1.01875.
Hour=4503, Sec=1800, ControlIter=1, Element=Regulator.trans_addreg_rdt1844-rdt2155xx, Action= CHANGED 1 TAPS TO 1.025.
Hour=4511, Sec=0, ControlIter=1, Element=Regulator.trans_addreg_rdt1844-rdt2155xx, Action= CHANGED -1 TAPS TO 1.01875.
Hour=4513, Sec=1800, ControlIter=1, Element=Regulator.trans_addreg_rdt1844-rdt2155xx, Action= CHANGED -1 TAPS TO 1.0125.
Hour=4523, Sec=2700, ControlIter=1, Element=Regulator.trans_addreg_rdt1844-rdt2155xx, Action= CHANGED 1 TAPS TO 1.01875.
Hour=4528, Sec=0, ControlIter=1, Element=Regulator.trans_addreg_rdt1844-rdt2155xx, Action= CHANGED 1 TAPS TO 1.025.
Hour=4535, Sec=0, ControlIter=1, Element=Regulator.trans_addreg_rdt1844-rdt2155xx, Action= CHANGED -1 TAPS TO 1.01875.
Hour=4539, Sec=0, ControlIter=1, Element=Regulator.trans_addreg_rdt1844-rdt2155xx, Action= CHANGED -1 TAPS TO 1.0125.
Hour=4548, Sec=1800, ControlIter=1, Element=Regulator.trans_addreg_rdt1844-rdt2155xx, Action= CHANGED 1 TAPS TO 1.01875.
Hour=4551, Sec=2700, ControlIter=1, Element=Regulator.trans_addreg_rdt1844-rdt2155xx, Action= CHANGED 1 TAPS TO 1.025.
Hour=4553, Sec=0, ControlIter=1, Element=Regulator.trans_addreg_rdt1844-rdt2155xx, Action= CHANGED 1 TAPS TO 1.03125.
Hour=4558, Sec=2700, ControlIter=1, Element=Regulator.trans_addreg_rdt1844-rdt2155xx, Action= CHANGED -1 TAPS TO 1.025.
Hour=4560, Sec=1800, ControlIter=1, Element=Regulator.trans_addreg_rdt1844-rdt2155xx, Action= CHANGED -1 TAPS TO 1.01875.
Hour=4574, Sec=1800, ControlIter=1, Element=Regulator.trans_addreg_rdt1844-rdt2155xx, Action= CHANGED 1 TAPS TO 1.025.
Hour=4576, Sec=0, ControlIter=1, Element=Regulator.trans_addreg_rdt1844-rdt2155xx, Action= CHANGED 1 TAPS TO 1.03125.
Hour=4583, Sec=1800, ControlIter=1, Element=Regulator.trans_addreg_rdt1844-rdt2155xx, Action= CHANGED -1 TAPS TO 1.025.
Hour=4585, Sec=1800, ControlIter=1, Element=Regulator.trans_addreg_rdt1844-rdt2155xx, Action= CHANGED -1 TAPS TO 1.01875.
Hour=4594, Sec=1800, ControlIter=1, Element=Regulator.trans_addreg_rdt1844-rdt2155xx, Action= CHANGED 1 TAPS TO 1.025.
Hour=4599, Sec=2700, ControlIter=1, Element=Regulator.trans_addreg_rdt1844-rdt2155xx, Action= CHANGED 1 TAPS TO 1.03125.
Hour=4606, Sec=900, ControlIter=1, Element=Regulator.trans_addreg_rdt1844-rdt2155xx, Action= CHANGED -1 TAPS TO 1.025.
Hour=4609, Sec=0, ControlIter=1, Element=Regulator.trans_addreg_rdt1844-rdt2155xx, Action= CHANGED -1 TAPS TO 1.01875.
Hour=4622, Sec=1800, ControlIter=1, Element=Regulator.trans_addreg_rdt1844-rdt2155xx, Action= CHANGED 1 TAPS TO 1.025.
Hour=4624, Sec=900, ControlIter=1, Element=Regulator.trans_addreg_rdt1844-rdt2155xx, Action= CHANGED 1 TAPS TO 1.03125.
Hour=4625, Sec=900, ControlIter=1, Element=Regulator.trans_addreg_rdt1844-rdt2155xx, Action= CHANGED 1 TAPS TO 1.0375.
Hour=4629, Sec=0, ControlIter=1, Element=Regulator.trans_addreg_rdt1844-rdt2155xx, Action= CHANGED -1 TAPS TO 1.03125.
Hour=4630, Sec=1800, ControlIter=1, Element=Regulator.trans_addreg_rdt1844-rdt2155xx, Action= CHANGED -1 TAPS TO 1.025.
Hour=4632, Sec=900, ControlIter=1, Element=Regulator.trans_addreg_rdt1844-rdt2155xx, Action= CHANGED -1 TAPS TO 1.01875.
Hour=4647, Sec=0, ControlIter=1, Element=Regulator.trans_addreg_rdt1844-rdt2155xx, Action= CHANGED 1 TAPS TO 1.025.
Hour=4648, Sec=1800, ControlIter=1, Element=Regulator.trans_addreg_rdt1844-rdt2155xx, Action= CHANGED 1 TAPS TO 1.03125.
Hour=4654, Sec=900, ControlIter=1, Element=Regulator.trans_addreg_rdt1844-rdt2155xx, Action= CHANGED -1 TAPS TO 1.025.
Hour=4656, Sec=2700, ControlIter=1, Element=Regulator.trans_addreg_rdt1844-rdt2155xx, Action= CHANGED -1 TAPS TO 1.01875.
Hour=4670, Sec=2700, ControlIter=1, Element=Regulator.trans_addreg_rdt1844-rdt2155xx, Action= CHANGED 1 TAPS TO 1.025.
Hour=4672, Sec=0, ControlIter=1, Element=Regulator.trans_addreg_rdt1844-rdt2155xx, Action= CHANGED 1 TAPS TO 1.03125.
Hour=4678, Sec=1800, ControlIter=1, Element=Regulator.trans_addreg_rdt1844-rdt2155xx, Action= CHANGED -1 TAPS TO 1.025.
Hour=4680, Sec=2700, ControlIter=1, Element=Regulator.trans_addreg_rdt1844-rdt2155xx, Action= CHANGED -1 TAPS TO 1.01875.
Hour=4693, Sec=0, ControlIter=1, Element=Regulator.trans_addreg_rdt1844-rdt2155xx, Action= CHANGED 1 TAPS TO 1.025.
Hour=4696, Sec=900, ControlIter=1, Element=Regulator.trans_addreg_rdt1844-rdt2155xx, Action= CHANGED 1 TAPS TO 1.03125.
Hour=4703, Sec=900, ControlIter=1, Element=Regulator.trans_addreg_rdt1844-rdt2155xx, Action= CHANGED -1 TAPS TO 1.025.
Hour=4707, Sec=0, ControlIter=1, Element=Regulator.trans_addreg_rdt1844-rdt2155xx, Action= CHANGED -1 TAPS TO 1.01875.
Hour=4718, Sec=900, ControlIter=1, Element=Regulator.trans_addreg_rdt1844-rdt2155xx, Action= CHANGED 1 TAPS TO 1.025.
Hour=4720, Sec=0, ControlIter=1, Element=Regulator.trans_addreg_rdt1844-rdt2155xx, Action= CHANGED 1 TAPS TO 1.03125.
Hour=4726, Sec=2700, ControlIter=1, Element=Regulator.trans_addreg_rdt1844-rdt2155xx, Action= CHANGED -1 TAPS TO 1.025.
Hour=4730, Sec=0, ControlIter=1, Element=Regulator.trans_addreg_rdt1844-rdt2155xx, Action= CHANGED -1 TAPS TO 1.01875.
Hour=4738, Sec=900, ControlIter=1, Element=Regulator.trans_addreg_rdt1844-rdt2155xx, Action= CHANGED 1 TAPS TO 1.025.
Hour=4744, Sec=900, ControlIter=1, Element=Regulator.trans_addreg_rdt1844-rdt2155xx, Action= CHANGED 1 TAPS TO 1.03125.
Hour=4750, Sec=1800, ControlIter=1, Element=Regulator.trans_addreg_rdt1844-rdt2155xx, Action= CHANGED -1 TAPS TO 1.025.
Hour=4753, Sec=900, ControlIter=1, Element=Regulator.trans_addreg_rdt1844-rdt2155xx, Action= CHANGED -1 TAPS TO 1.01875.
Hour=4767, Sec=900, ControlIter=1, Element=Regulator.trans_addreg_rdt1844-rdt2155xx, Action= CHANGED 1 TAPS TO 1.025.
Hour=4768, Sec=900, ControlIter=1, Element=Regulator.trans_addreg_rdt1844-rdt2155xx, Action= CHANGED 1 TAPS TO 1.03125.
Hour=4774, Sec=900, ControlIter=1, Element=Regulator.trans_addreg_rdt1844-rdt2155xx, Action= CHANGED -1 TAPS TO 1.025.
Hour=4776, Sec=2700, ControlIter=1, Element=Regulator.trans_addreg_rdt1844-rdt2155xx, Action= CHANGED -1 TAPS TO 1.01875.
Hour=4791, Sec=900, ControlIter=1, Element=Regulator.trans_addreg_rdt1844-rdt2155xx, Action= CHANGED 1 TAPS TO 1.025.
Hour=4792, Sec=1800, ControlIter=1, Element=Regulator.trans_addreg_rdt1844-rdt2155xx, Action= CHANGED 1 TAPS TO 1.03125.
Hour=4797, Sec=2700, ControlIter=1, Element=Regulator.trans_addreg_rdt1844-rdt2155xx, Action= CHANGED -1 TAPS TO 1.025.
Hour=4799, Sec=900, ControlIter=1, Element=Regulator.trans_addreg_rdt1844-rdt2155xx, Action= CHANGED -1 TAPS TO 1.01875.
Hour=4814, Sec=0, ControlIter=1, Element=Regulator.trans_addreg_rdt1844-rdt2155xx, Action= CHANGED 1 TAPS TO 1.025.
Hour=4824, Sec=0, ControlIter=1, Element=Regulator.trans_addreg_rdt1844-rdt2155xx, Action= CHANGED -1 TAPS TO 1.01875.
Hour=4840, Sec=0, ControlIter=1, Element=Regulator.trans_addreg_rdt1844-rdt2155xx, Action= CHANGED 1 TAPS TO 1.025.
Hour=4841, Sec=0, ControlIter=1, Element=Regulator.trans_addreg_rdt1844-rdt2155xx, Action= CHANGED 1 TAPS TO 1.03125.
Hour=4846, Sec=900, ControlIter=1, Element=Regulator.trans_addreg_rdt1844-rdt2155xx, Action= CHANGED -1 TAPS TO 1.025.
Hour=4847, Sec=2700, ControlIter=1, Element=Regulator.trans_addreg_rdt1844-rdt2155xx, Action= CHANGED -1 TAPS TO 1.01875.
Hour=4863, Sec=2700, ControlIter=1, Element=Regulator.trans_addreg_rdt1844-rdt2155xx, Action= CHANGED 1 TAPS TO 1.025.
Hour=4870, Sec=2700, ControlIter=1, Element=Regulator.trans_addreg_rdt1844-rdt2155xx, Action= CHANGED -1 TAPS TO 1.01875.
Hour=4912, Sec=900, ControlIter=1, Element=Regulator.trans_addreg_rdt1844-rdt2155xx, Action= CHANGED 1 TAPS TO 1.025.
Hour=4919, Sec=900, ControlIter=1, Element=Regulator.trans_addreg_rdt1844-rdt2155xx, Action= CHANGED -1 TAPS TO 1.01875.
Hour=4937, Sec=900, ControlIter=1, Element=Regulator.trans_addreg_rdt1844-rdt2155xx, Action= CHANGED 1 TAPS TO 1.025.
Hour=4943, Sec=900, ControlIter=1, Element=Regulator.trans_addreg_rdt1844-rdt2155xx, Action= CHANGED -1 TAPS TO 1.01875.
Hour=4958, Sec=1800, ControlIter=1, Element=Regulator.trans_addreg_rdt1844-rdt2155xx, Action= CHANGED 1 TAPS TO 1.025.
Hour=4960, Sec=900, ControlIter=1, Element=Regulator.trans_addreg_rdt1844-rdt2155xx, Action= CHANGED 1 TAPS TO 1.03125.
Hour=4966, Sec=2700, ControlIter=1, Element=Regulator.trans_addreg_rdt1844-rdt2155xx, Action= CHANGED -1 TAPS TO 1.025.
Hour=4968, Sec=1800, ControlIter=1, Element=Regulator.trans_addreg_rdt1844-rdt2155xx, Action= CHANGED -1 TAPS TO 1.01875.
Hour=4982, Sec=0, ControlIter=1, Element=Regulator.trans_addreg_rdt1844-rdt2155xx, Action= CHANGED 1 TAPS TO 1.025.
Hour=4983, Sec=1800, ControlIter=1, Element=Regulator.trans_addreg_rdt1844-rdt2155xx, Action= CHANGED 1 TAPS TO 1.03125.
Hour=4990, Sec=900, ControlIter=1, Element=Regulator.trans_addreg_rdt1844-rdt2155xx, Action= CHANGED -1 TAPS TO 1.025.
Hour=4993, Sec=1800, ControlIter=1, Element=Regulator.trans_addreg_rdt1844-rdt2155xx, Action= CHANGED -1 TAPS TO 1.01875.
Hour=5005, Sec=2700, ControlIter=1, Element=Regulator.trans_addreg_rdt1844-rdt2155xx, Action= CHANGED 1 TAPS TO 1.025.
Hour=5008, Sec=900, ControlIter=1, Element=Regulator.trans_addreg_rdt1844-rdt2155xx, Action= CHANGED 1 TAPS TO 1.03125.
Hour=5014, Sec=1800, ControlIter=1, Element=Regulator.trans_addreg_rdt1844-rdt2155xx, Action= CHANGED -1 TAPS TO 1.025.
Hour=5016, Sec=2700, ControlIter=1, Element=Regulator.trans_addreg_rdt1844-rdt2155xx, Action= CHANGED -1 TAPS TO 1.01875.
Hour=5032, Sec=0, ControlIter=1, Element=Regulator.trans_addreg_rdt1844-rdt2155xx, Action= CHANGED 1 TAPS TO 1.025.
Hour=5033, Sec=900, ControlIter=1, Element=Regulator.trans_addreg_rdt1844-rdt2155xx, Action= CHANGED 1 TAPS TO 1.03125.
Hour=5037, Sec=1800, ControlIter=1, Element=Regulator.trans_addreg_rdt1844-rdt2155xx, Action= CHANGED -1 TAPS TO 1.025.
Hour=5039, Sec=900, ControlIter=1, Element=Regulator.trans_addreg_rdt1844-rdt2155xx, Action= CHANGED -1 TAPS TO 1.01875.
Hour=5055, Sec=2700, ControlIter=1, Element=Regulator.trans_addreg_rdt1844-rdt2155xx, Action= CHANGED 1 TAPS TO 1.025.
Hour=5064, Sec=900, ControlIter=1, Element=Regulator.trans_addreg_rdt1844-rdt2155xx, Action= CHANGED -1 TAPS TO 1.01875.
Hour=5080, Sec=900, ControlIter=1, Element=Regulator.trans_addreg_rdt1844-rdt2155xx, Action= CHANGED 1 TAPS TO 1.025.
Hour=5087, Sec=900, ControlIter=1, Element=Regulator.trans_addreg_rdt1844-rdt2155xx, Action= CHANGED -1 TAPS TO 1.01875.
Hour=5104, Sec=900, ControlIter=1, Element=Regulator.trans_addreg_rdt1844-rdt2155xx, Action= CHANGED 1 TAPS TO 1.025.
Hour=5111, Sec=2700, ControlIter=1, Element=Regulator.trans_addreg_rdt1844-rdt2155xx, Action= CHANGED -1 TAPS TO 1.01875.
Hour=5162, Sec=900, ControlIter=1, Element=Regulator.trans_addreg_rdt1844-rdt2155xx, Action= CHANGED -1 TAPS TO 1.0125.
Hour=5170, Sec=1800, ControlIter=1, Element=Regulator.trans_addreg_rdt1844-rdt2155xx, Action= CHANGED 1 TAPS TO 1.01875.
Hour=5174, Sec=2700, ControlIter=1, Element=Regulator.trans_addreg_rdt1844-rdt2155xx, Action= CHANGED 1 TAPS TO 1.025.
Hour=5176, Sec=900, ControlIter=1, Element=Regulator.trans_addreg_rdt1844-rdt2155xx, Action= CHANGED 1 TAPS TO 1.03125.
Hour=5182, Sec=1800, ControlIter=1, Element=Regulator.trans_addreg_rdt1844-rdt2155xx, Action= CHANGED -1 TAPS TO 1.025.
Hour=5184, Sec=1800, ControlIter=1, Element=Regulator.trans_addreg_rdt1844-rdt2155xx, Action= CHANGED -1 TAPS TO 1.01875.
Hour=5198, Sec=2700, ControlIter=1, Element=Regulator.trans_addreg_rdt1844-rdt2155xx, Action= CHANGED 1 TAPS TO 1.025.
Hour=5200, Sec=0, ControlIter=1, Element=Regulator.trans_addreg_rdt1844-rdt2155xx, Action= CHANGED 1 TAPS TO 1.03125.
Hour=5207, Sec=0, ControlIter=1, Element=Regulator.trans_addreg_rdt1844-rdt2155xx, Action= CHANGED -1 TAPS TO 1.025.
Hour=5209, Sec=900, ControlIter=1, Element=Regulator.trans_addreg_rdt1844-rdt2155xx, Action= CHANGED -1 TAPS TO 1.01875.
Hour=5221, Sec=2700, ControlIter=1, Element=Regulator.trans_addreg_rdt1844-rdt2155xx, Action= CHANGED 1 TAPS TO 1.025.
Hour=5232, Sec=1800, ControlIter=1, Element=Regulator.trans_addreg_rdt1844-rdt2155xx, Action= CHANGED -1 TAPS TO 1.01875.
Hour=5246, Sec=1800, ControlIter=1, Element=Regulator.trans_addreg_rdt1844-rdt2155xx, Action= CHANGED 1 TAPS TO 1.025.
Hour=5248, Sec=900, ControlIter=1, Element=Regulator.trans_addreg_rdt1844-rdt2155xx, Action= CHANGED 1 TAPS TO 1.03125.
Hour=5253, Sec=2700, ControlIter=1, Element=Regulator.trans_addreg_rdt1844-rdt2155xx, Action= CHANGED -1 TAPS TO 1.025.
Hour=5255, Sec=2700, ControlIter=1, Element=Regulator.trans_addreg_rdt1844-rdt2155xx, Action= CHANGED -1 TAPS TO 1.01875.
Hour=5268, Sec=0, ControlIter=1, Element=Regulator.trans_addreg_rdt1844-rdt2155xx, Action= CHANGED 1 TAPS TO 1.025.
Hour=5272, Sec=900, ControlIter=1, Element=Regulator.trans_addreg_rdt1844-rdt2155xx, Action= CHANGED 1 TAPS TO 1.03125.
Hour=5277, Sec=900, ControlIter=1, Element=Regulator.trans_addreg_rdt1844-rdt2155xx, Action= CHANGED -1 TAPS TO 1.025.
Hour=5278, Sec=2700, ControlIter=1, Element=Regulator.trans_addreg_rdt1844-rdt2155xx, Action= CHANGED -1 TAPS TO 1.01875.
Hour=5293, Sec=1800, ControlIter=1, Element=Regulator.trans_addreg_rdt1844-rdt2155xx, Action= CHANGED 1 TAPS TO 1.025.
Hour=5296, Sec=900, ControlIter=1, Element=Regulator.trans_addreg_rdt1844-rdt2155xx, Action= CHANGED 1 TAPS TO 1.03125.
Hour=5302, Sec=900, ControlIter=1, Element=Regulator.trans_addreg_rdt1844-rdt2155xx, Action= CHANGED -1 TAPS TO 1.025.
Hour=5305, Sec=900, ControlIter=1, Element=Regulator.trans_addreg_rdt1844-rdt2155xx, Action= CHANGED -1 TAPS TO 1.01875.
Hour=5318, Sec=2700, ControlIter=1, Element=Regulator.trans_addreg_rdt1844-rdt2155xx, Action= CHANGED 1 TAPS TO 1.025.
Hour=5321, Sec=900, ControlIter=1, Element=Regulator.trans_addreg_rdt1844-rdt2155xx, Action= CHANGED 1 TAPS TO 1.03125.
Hour=5326, Sec=2700, ControlIter=1, Element=Regulator.trans_addreg_rdt1844-rdt2155xx, Action= CHANGED -1 TAPS TO 1.025.
Hour=5328, Sec=2700, ControlIter=1, Element=Regulator.trans_addreg_rdt1844-rdt2155xx, Action= CHANGED -1 TAPS TO 1.01875.
Hour=5340, Sec=1800, ControlIter=1, Element=Regulator.trans_addreg_rdt1844-rdt2155xx, Action= CHANGED 1 TAPS TO 1.025.
Hour=5352, Sec=0, ControlIter=1, Element=Regulator.trans_addreg_rdt1844-rdt2155xx, Action= CHANGED -1 TAPS TO 1.01875.
Hour=5364, Sec=0, ControlIter=1, Element=Regulator.trans_addreg_rdt1844-rdt2155xx, Action= CHANGED 1 TAPS TO 1.025.
Hour=5374, Sec=2700, ControlIter=1, Element=Regulator.trans_addreg_rdt1844-rdt2155xx, Action= CHANGED -1 TAPS TO 1.01875.
Hour=5391, Sec=0, ControlIter=1, Element=Regulator.trans_addreg_rdt1844-rdt2155xx, Action= CHANGED 1 TAPS TO 1.025.
Hour=5399, Sec=2700, ControlIter=1, Element=Regulator.trans_addreg_rdt1844-rdt2155xx, Action= CHANGED -1 TAPS TO 1.01875.
Hour=5415, Sec=900, ControlIter=1, Element=Regulator.trans_addreg_rdt1844-rdt2155xx, Action= CHANGED 1 TAPS TO 1.025.
Hour=5417, Sec=1800, ControlIter=1, Element=Regulator.trans_addreg_rdt1844-rdt2155xx, Action= CHANGED 1 TAPS TO 1.03125.
Hour=5422, Sec=0, ControlIter=1, Element=Regulator.trans_addreg_rdt1844-rdt2155xx, Action= CHANGED -1 TAPS TO 1.025.
Hour=5425, Sec=900, ControlIter=1, Element=Regulator.trans_addreg_rdt1844-rdt2155xx, Action= CHANGED -1 TAPS TO 1.01875.
Hour=5438, Sec=1800, ControlIter=1, Element=Regulator.trans_addreg_rdt1844-rdt2155xx, Action= CHANGED 1 TAPS TO 1.025.
Hour=5440, Sec=2700, ControlIter=1, Element=Regulator.trans_addreg_rdt1844-rdt2155xx, Action= CHANGED 1 TAPS TO 1.03125.
Hour=5446, Sec=900, ControlIter=1, Element=Regulator.trans_addreg_rdt1844-rdt2155xx, Action= CHANGED -1 TAPS TO 1.025.
Hour=5449, Sec=900, ControlIter=1, Element=Regulator.trans_addreg_rdt1844-rdt2155xx, Action= CHANGED -1 TAPS TO 1.01875.
Hour=5462, Sec=900, ControlIter=1, Element=Regulator.trans_addreg_rdt1844-rdt2155xx, Action= CHANGED 1 TAPS TO 1.025.
Hour=5463, Sec=2700, ControlIter=1, Element=Regulator.trans_addreg_rdt1844-rdt2155xx, Action= CHANGED 1 TAPS TO 1.03125.
Hour=5470, Sec=1800, ControlIter=1, Element=Regulator.trans_addreg_rdt1844-rdt2155xx, Action= CHANGED -1 TAPS TO 1.025.
Hour=5473, Sec=1800, ControlIter=1, Element=Regulator.trans_addreg_rdt1844-rdt2155xx, Action= CHANGED -1 TAPS TO 1.01875.
Hour=5484, Sec=900, ControlIter=1, Element=Regulator.trans_addreg_rdt1844-rdt2155xx, Action= CHANGED 1 TAPS TO 1.025.
Hour=5487, Sec=900, ControlIter=1, Element=Regulator.trans_addreg_rdt1844-rdt2155xx, Action= CHANGED 1 TAPS TO 1.03125.
Hour=5494, Sec=2700, ControlIter=1, Element=Regulator.trans_addreg_rdt1844-rdt2155xx, Action= CHANGED -1 TAPS TO 1.025.
Hour=5497, Sec=0, ControlIter=1, Element=Regulator.trans_addreg_rdt1844-rdt2155xx, Action= CHANGED -1 TAPS TO 1.01875.
Hour=5515, Sec=2700, ControlIter=1, Element=Regulator.trans_addreg_rdt1844-rdt2155xx, Action= CHANGED 1 TAPS TO 1.025.
Hour=5519, Sec=1800, ControlIter=1, Element=Regulator.trans_addreg_rdt1844-rdt2155xx, Action= CHANGED -1 TAPS TO 1.01875.
Hour=5536, Sec=900, ControlIter=1, Element=Regulator.trans_addreg_rdt1844-rdt2155xx, Action= CHANGED 1 TAPS TO 1.025.
Hour=5544, Sec=0, ControlIter=1, Element=Regulator.trans_addreg_rdt1844-rdt2155xx, Action= CHANGED -1 TAPS TO 1.01875.
Hour=5560, Sec=900, ControlIter=1, Element=Regulator.trans_addreg_rdt1844-rdt2155xx, Action= CHANGED 1 TAPS TO 1.025.
Hour=5567, Sec=900, ControlIter=1, Element=Regulator.trans_addreg_rdt1844-rdt2155xx, Action= CHANGED -1 TAPS TO 1.01875.
Hour=5584, Sec=900, ControlIter=1, Element=Regulator.trans_addreg_rdt1844-rdt2155xx, Action= CHANGED 1 TAPS TO 1.025.
Hour=5591, Sec=900, ControlIter=1, Element=Regulator.trans_addreg_rdt1844-rdt2155xx, Action= CHANGED -1 TAPS TO 1.01875.
Hour=5608, Sec=900, ControlIter=1, Element=Regulator.trans_addreg_rdt1844-rdt2155xx, Action= CHANGED 1 TAPS TO 1.025.
Hour=5615, Sec=1800, ControlIter=1, Element=Regulator.trans_addreg_rdt1844-rdt2155xx, Action= CHANGED -1 TAPS TO 1.01875.
Hour=5633, Sec=0, ControlIter=1, Element=Regulator.trans_addreg_rdt1844-rdt2155xx, Action= CHANGED 1 TAPS TO 1.025.
Hour=5638, Sec=1800, ControlIter=1, Element=Regulator.trans_addreg_rdt1844-rdt2155xx, Action= CHANGED -1 TAPS TO 1.01875.
Hour=5641, Sec=900, ControlIter=1, Element=Regulator.trans_addreg_rdt1844-rdt2155xx, Action= CHANGED -1 TAPS TO 1.0125.
Hour=5655, Sec=0, ControlIter=1, Element=Regulator.trans_addreg_rdt1844-rdt2155xx, Action= CHANGED 1 TAPS TO 1.01875.
Hour=5656, Sec=0, ControlIter=1, Element=Regulator.trans_addreg_rdt1844-rdt2155xx, Action= CHANGED 1 TAPS TO 1.025.
Hour=5663, Sec=0, ControlIter=1, Element=Regulator.trans_addreg_rdt1844-rdt2155xx, Action= CHANGED -1 TAPS TO 1.01875.
Hour=5666, Sec=900, ControlIter=1, Element=Regulator.trans_addreg_rdt1844-rdt2155xx, Action= CHANGED -1 TAPS TO 1.0125.
Hour=5677, Sec=2700, ControlIter=1, Element=Regulator.trans_addreg_rdt1844-rdt2155xx, Action= CHANGED 1 TAPS TO 1.01875.
Hour=5680, Sec=900, ControlIter=1, Element=Regulator.trans_addreg_rdt1844-rdt2155xx, Action= CHANGED 1 TAPS TO 1.025.
Hour=5687, Sec=900, ControlIter=1, Element=Regulator.trans_addreg_rdt1844-rdt2155xx, Action= CHANGED -1 TAPS TO 1.01875.
Hour=5702, Sec=2700, ControlIter=1, Element=Regulator.trans_addreg_rdt1844-rdt2155xx, Action= CHANGED 1 TAPS TO 1.025.
Hour=5703, Sec=1800, ControlIter=1, Element=Regulator.trans_addreg_rdt1844-rdt2155xx, Action= CHANGED 1 TAPS TO 1.03125.
Hour=5709, Sec=1800, ControlIter=1, Element=Regulator.trans_addreg_rdt1844-rdt2155xx, Action= CHANGED -1 TAPS TO 1.025.
Hour=5712, Sec=2700, ControlIter=1, Element=Regulator.trans_addreg_rdt1844-rdt2155xx, Action= CHANGED -1 TAPS TO 1.01875.
Hour=5726, Sec=0, ControlIter=1, Element=Regulator.trans_addreg_rdt1844-rdt2155xx, Action= CHANGED 1 TAPS TO 1.025.
Hour=5728, Sec=900, ControlIter=1, Element=Regulator.trans_addreg_rdt1844-rdt2155xx, Action= CHANGED 1 TAPS TO 1.03125.
Hour=5734, Sec=900, ControlIter=1, Element=Regulator.trans_addreg_rdt1844-rdt2155xx, Action= CHANGED -1 TAPS TO 1.025.
Hour=5736, Sec=2700, ControlIter=1, Element=Regulator.trans_addreg_rdt1844-rdt2155xx, Action= CHANGED -1 TAPS TO 1.01875.
Hour=5749, Sec=1800, ControlIter=1, Element=Regulator.trans_addreg_rdt1844-rdt2155xx, Action= CHANGED 1 TAPS TO 1.025.
Hour=5750, Sec=900, ControlIter=1, Element=Regulator.trans_addreg_rdt1844-rdt2155xx, Action= CHANGED 1 TAPS TO 1.03125.
Hour=5758, Sec=900, ControlIter=1, Element=Regulator.trans_addreg_rdt1844-rdt2155xx, Action= CHANGED -1 TAPS TO 1.025.
Hour=5762, Sec=1800, ControlIter=1, Element=Regulator.trans_addreg_rdt1844-rdt2155xx, Action= CHANGED -1 TAPS TO 1.01875.
Hour=5772, Sec=1800, ControlIter=1, Element=Regulator.trans_addreg_rdt1844-rdt2155xx, Action= CHANGED 1 TAPS TO 1.025.
Hour=5775, Sec=0, ControlIter=1, Element=Regulator.trans_addreg_rdt1844-rdt2155xx, Action= CHANGED 1 TAPS TO 1.03125.
Hour=5777, Sec=0, ControlIter=1, Element=Regulator.trans_addreg_rdt1844-rdt2155xx, Action= CHANGED 1 TAPS TO 1.0375.
Hour=5781, Sec=900, ControlIter=1, Element=Regulator.trans_addreg_rdt1844-rdt2155xx, Action= CHANGED -1 TAPS TO 1.03125.
Hour=5782, Sec=900, ControlIter=1, Element=Regulator.trans_addreg_rdt1844-rdt2155xx, Action= CHANGED -1 TAPS TO 1.025.
Hour=5785, Sec=1800, ControlIter=1, Element=Regulator.trans_addreg_rdt1844-rdt2155xx, Action= CHANGED -1 TAPS TO 1.01875.
Hour=5794, Sec=2700, ControlIter=1, Element=Regulator.trans_addreg_rdt1844-rdt2155xx, Action= CHANGED 1 TAPS TO 1.025.
Hour=5797, Sec=2700, ControlIter=1, Element=Regulator.trans_addreg_rdt1844-rdt2155xx, Action= CHANGED 1 TAPS TO 1.03125.
Hour=5806, Sec=1800, ControlIter=1, Element=Regulator.trans_addreg_rdt1844-rdt2155xx, Action= CHANGED -1 TAPS TO 1.025.
Hour=5808, Sec=900, ControlIter=1, Element=Regulator.trans_addreg_rdt1844-rdt2155xx, Action= CHANGED -1 TAPS TO 1.01875.
Hour=5822, Sec=900, ControlIter=1, Element=Regulator.trans_addreg_rdt1844-rdt2155xx, Action= CHANGED 1 TAPS TO 1.025.
Hour=5824, Sec=900, ControlIter=1, Element=Regulator.trans_addreg_rdt1844-rdt2155xx, Action= CHANGED 1 TAPS TO 1.03125.
Hour=5830, Sec=1800, ControlIter=1, Element=Regulator.trans_addreg_rdt1844-rdt2155xx, Action= CHANGED -1 TAPS TO 1.025.
Hour=5832, Sec=1800, ControlIter=1, Element=Regulator.trans_addreg_rdt1844-rdt2155xx, Action= CHANGED -1 TAPS TO 1.01875.
Hour=5843, Sec=1800, ControlIter=1, Element=Regulator.trans_addreg_rdt1844-rdt2155xx, Action= CHANGED 1 TAPS TO 1.025.
Hour=5855, Sec=900, ControlIter=1, Element=Regulator.trans_addreg_rdt1844-rdt2155xx, Action= CHANGED -1 TAPS TO 1.01875.
Hour=5871, Sec=900, ControlIter=1, Element=Regulator.trans_addreg_rdt1844-rdt2155xx, Action= CHANGED 1 TAPS TO 1.025.
Hour=5872, Sec=1800, ControlIter=1, Element=Regulator.trans_addreg_rdt1844-rdt2155xx, Action= CHANGED 1 TAPS TO 1.03125.
Hour=5878, Sec=0, ControlIter=1, Element=Regulator.trans_addreg_rdt1844-rdt2155xx, Action= CHANGED -1 TAPS TO 1.025.
Hour=5881, Sec=0, ControlIter=1, Element=Regulator.trans_addreg_rdt1844-rdt2155xx, Action= CHANGED -1 TAPS TO 1.01875.
Hour=5893, Sec=0, ControlIter=1, Element=Regulator.trans_addreg_rdt1844-rdt2155xx, Action= CHANGED 1 TAPS TO 1.025.
Hour=5895, Sec=2700, ControlIter=1, Element=Regulator.trans_addreg_rdt1844-rdt2155xx, Action= CHANGED 1 TAPS TO 1.03125.
Hour=5902, Sec=900, ControlIter=1, Element=Regulator.trans_addreg_rdt1844-rdt2155xx, Action= CHANGED -1 TAPS TO 1.025.
Hour=5904, Sec=1800, ControlIter=1, Element=Regulator.trans_addreg_rdt1844-rdt2155xx, Action= CHANGED -1 TAPS TO 1.01875.
Hour=5916, Sec=0, ControlIter=1, Element=Regulator.trans_addreg_rdt1844-rdt2155xx, Action= CHANGED 1 TAPS TO 1.025.
Hour=5918, Sec=900, ControlIter=1, Element=Regulator.trans_addreg_rdt1844-rdt2155xx, Action= CHANGED 1 TAPS TO 1.03125.
Hour=5926, Sec=900, ControlIter=1, Element=Regulator.trans_addreg_rdt1844-rdt2155xx, Action= CHANGED -1 TAPS TO 1.025.
Hour=5929, Sec=1800, ControlIter=1, Element=Regulator.trans_addreg_rdt1844-rdt2155xx, Action= CHANGED -1 TAPS TO 1.01875.
Hour=5941, Sec=900, ControlIter=1, Element=Regulator.trans_addreg_rdt1844-rdt2155xx, Action= CHANGED 1 TAPS TO 1.025.
Hour=5943, Sec=2700, ControlIter=1, Element=Regulator.trans_addreg_rdt1844-rdt2155xx, Action= CHANGED 1 TAPS TO 1.03125.
Hour=5949, Sec=2700, ControlIter=1, Element=Regulator.trans_addreg_rdt1844-rdt2155xx, Action= CHANGED -1 TAPS TO 1.025.
Hour=5952, Sec=1800, ControlIter=1, Element=Regulator.trans_addreg_rdt1844-rdt2155xx, Action= CHANGED -1 TAPS TO 1.01875.
Hour=5965, Sec=1800, ControlIter=1, Element=Regulator.trans_addreg_rdt1844-rdt2155xx, Action= CHANGED 1 TAPS TO 1.025.
Hour=5967, Sec=2700, ControlIter=1, Element=Regulator.trans_addreg_rdt1844-rdt2155xx, Action= CHANGED 1 TAPS TO 1.03125.
Hour=5974, Sec=900, ControlIter=1, Element=Regulator.trans_addreg_rdt1844-rdt2155xx, Action= CHANGED -1 TAPS TO 1.025.
Hour=5977, Sec=900, ControlIter=1, Element=Regulator.trans_addreg_rdt1844-rdt2155xx, Action= CHANGED -1 TAPS TO 1.01875.
Hour=5986, Sec=1800, ControlIter=1, Element=Regulator.trans_addreg_rdt1844-rdt2155xx, Action= CHANGED 1 TAPS TO 1.025.
Hour=5999, Sec=2700, ControlIter=1, Element=Regulator.trans_addreg_rdt1844-rdt2155xx, Action= CHANGED -1 TAPS TO 1.01875.
Hour=6014, Sec=0, ControlIter=1, Element=Regulator.trans_addreg_rdt1844-rdt2155xx, Action= CHANGED 1 TAPS TO 1.025.
Hour=6023, Sec=1800, ControlIter=1, Element=Regulator.trans_addreg_rdt1844-rdt2155xx, Action= CHANGED -1 TAPS TO 1.01875.
Hour=6027, Sec=2700, ControlIter=1, Element=Regulator.trans_addreg_rdt1844-rdt2155xx, Action= CHANGED -1 TAPS TO 1.0125.
Hour=6040, Sec=2700, ControlIter=1, Element=Regulator.trans_addreg_rdt1844-rdt2155xx, Action= CHANGED 1 TAPS TO 1.01875.
Hour=6048, Sec=0, ControlIter=1, Element=Regulator.trans_addreg_rdt1844-rdt2155xx, Action= CHANGED -1 TAPS TO 1.0125.
Hour=6063, Sec=2700, ControlIter=1, Element=Regulator.trans_addreg_rdt1844-rdt2155xx, Action= CHANGED 1 TAPS TO 1.01875.
Hour=6086, Sec=1800, ControlIter=1, Element=Regulator.trans_addreg_rdt1844-rdt2155xx, Action= CHANGED 1 TAPS TO 1.025.
Hour=6089, Sec=1800, ControlIter=1, Element=Regulator.trans_addreg_rdt1844-rdt2155xx, Action= CHANGED 1 TAPS TO 1.03125.
Hour=6094, Sec=900, ControlIter=1, Element=Regulator.trans_addreg_rdt1844-rdt2155xx, Action= CHANGED -1 TAPS TO 1.025.
Hour=6095, Sec=2700, ControlIter=1, Element=Regulator.trans_addreg_rdt1844-rdt2155xx, Action= CHANGED -1 TAPS TO 1.01875.
Hour=6111, Sec=900, ControlIter=1, Element=Regulator.trans_addreg_rdt1844-rdt2155xx, Action= CHANGED 1 TAPS TO 1.025.
Hour=6119, Sec=2700, ControlIter=1, Element=Regulator.trans_addreg_rdt1844-rdt2155xx, Action= CHANGED -1 TAPS TO 1.01875.
Hour=6137, Sec=900, ControlIter=1, Element=Regulator.trans_addreg_rdt1844-rdt2155xx, Action= CHANGED 1 TAPS TO 1.025.
Hour=6143, Sec=900, ControlIter=1, Element=Regulator.trans_addreg_rdt1844-rdt2155xx, Action= CHANGED -1 TAPS TO 1.01875.
Hour=6161, Sec=900, ControlIter=1, Element=Regulator.trans_addreg_rdt1844-rdt2155xx, Action= CHANGED 1 TAPS TO 1.025.
Hour=6166, Sec=1800, ControlIter=1, Element=Regulator.trans_addreg_rdt1844-rdt2155xx, Action= CHANGED -1 TAPS TO 1.01875.
Hour=6229, Sec=1800, ControlIter=1, Element=Regulator.trans_addreg_rdt1844-rdt2155xx, Action= CHANGED 1 TAPS TO 1.025.
Hour=6231, Sec=2700, ControlIter=1, Element=Regulator.trans_addreg_rdt1844-rdt2155xx, Action= CHANGED 1 TAPS TO 1.03125.
Hour=6238, Sec=0, ControlIter=1, Element=Regulator.trans_addreg_rdt1844-rdt2155xx, Action= CHANGED -1 TAPS TO 1.025.
Hour=6240, Sec=900, ControlIter=1, Element=Regulator.trans_addreg_rdt1844-rdt2155xx, Action= CHANGED -1 TAPS TO 1.01875.
Hour=6253, Sec=1800, ControlIter=1, Element=Regulator.trans_addreg_rdt1844-rdt2155xx, Action= CHANGED 1 TAPS TO 1.025.
Hour=6257, Sec=900, ControlIter=1, Element=Regulator.trans_addreg_rdt1844-rdt2155xx, Action= CHANGED 1 TAPS TO 1.03125.
Hour=6261, Sec=900, ControlIter=1, Element=Regulator.trans_addreg_rdt1844-rdt2155xx, Action= CHANGED -1 TAPS TO 1.025.
Hour=6263, Sec=2700, ControlIter=1, Element=Regulator.trans_addreg_rdt1844-rdt2155xx, Action= CHANGED -1 TAPS TO 1.01875.
Hour=6278, Sec=900, ControlIter=1, Element=Regulator.trans_addreg_rdt1844-rdt2155xx, Action= CHANGED 1 TAPS TO 1.025.
Hour=6280, Sec=2700, ControlIter=1, Element=Regulator.trans_addreg_rdt1844-rdt2155xx, Action= CHANGED 1 TAPS TO 1.03125.
Hour=6286, Sec=0, ControlIter=1, Element=Regulator.trans_addreg_rdt1844-rdt2155xx, Action= CHANGED -1 TAPS TO 1.025.
Hour=6287, Sec=0, ControlIter=1, Element=Regulator.trans_addreg_rdt1844-rdt2155xx, Action= CHANGED -1 TAPS TO 1.01875.
Hour=6301, Sec=2700, ControlIter=1, Element=Regulator.trans_addreg_rdt1844-rdt2155xx, Action= CHANGED 1 TAPS TO 1.025.
Hour=6304, Sec=0, ControlIter=1, Element=Regulator.trans_addreg_rdt1844-rdt2155xx, Action= CHANGED 1 TAPS TO 1.03125.
Hour=6310, Sec=900, ControlIter=1, Element=Regulator.trans_addreg_rdt1844-rdt2155xx, Action= CHANGED -1 TAPS TO 1.025.
Hour=6312, Sec=0, ControlIter=1, Element=Regulator.trans_addreg_rdt1844-rdt2155xx, Action= CHANGED -1 TAPS TO 1.01875.
Hour=6327, Sec=0, ControlIter=1, Element=Regulator.trans_addreg_rdt1844-rdt2155xx, Action= CHANGED 1 TAPS TO 1.025.
Hour=6328, Sec=2700, ControlIter=1, Element=Regulator.trans_addreg_rdt1844-rdt2155xx, Action= CHANGED 1 TAPS TO 1.03125.
Hour=6334, Sec=900, ControlIter=1, Element=Regulator.trans_addreg_rdt1844-rdt2155xx, Action= CHANGED -1 TAPS TO 1.025.
Hour=6335, Sec=2700, ControlIter=1, Element=Regulator.trans_addreg_rdt1844-rdt2155xx, Action= CHANGED -1 TAPS TO 1.01875.
Hour=6349, Sec=2700, ControlIter=1, Element=Regulator.trans_addreg_rdt1844-rdt2155xx, Action= CHANGED 1 TAPS TO 1.025.
Hour=6359, Sec=1800, ControlIter=1, Element=Regulator.trans_addreg_rdt1844-rdt2155xx, Action= CHANGED -1 TAPS TO 1.01875.
Hour=6384, Sec=1800, ControlIter=1, Element=Regulator.trans_addreg_rdt1844-rdt2155xx, Action= CHANGED -1 TAPS TO 1.0125.
Hour=6422, Sec=900, ControlIter=1, Element=Regulator.trans_addreg_rdt1844-rdt2155xx, Action= CHANGED 1 TAPS TO 1.01875.
Hour=6424, Sec=2700, ControlIter=1, Element=Regulator.trans_addreg_rdt1844-rdt2155xx, Action= CHANGED 1 TAPS TO 1.025.
Hour=6430, Sec=2700, ControlIter=1, Element=Regulator.trans_addreg_rdt1844-rdt2155xx, Action= CHANGED -1 TAPS TO 1.01875.
Hour=6447, Sec=900, ControlIter=1, Element=Regulator.trans_addreg_rdt1844-rdt2155xx, Action= CHANGED 1 TAPS TO 1.025.
Hour=6454, Sec=900, ControlIter=1, Element=Regulator.trans_addreg_rdt1844-rdt2155xx, Action= CHANGED -1 TAPS TO 1.01875.
Hour=6482, Sec=900, ControlIter=1, Element=Regulator.trans_addreg_rdt1844-rdt2155xx, Action= CHANGED -1 TAPS TO 1.0125.
Hour=6494, Sec=0, ControlIter=1, Element=Regulator.trans_addreg_rdt1844-rdt2155xx, Action= CHANGED 1 TAPS TO 1.01875.
Hour=6496, Sec=900, ControlIter=1, Element=Regulator.trans_addreg_rdt1844-rdt2155xx, Action= CHANGED 1 TAPS TO 1.025.
Hour=6502, Sec=900, ControlIter=1, Element=Regulator.trans_addreg_rdt1844-rdt2155xx, Action= CHANGED -1 TAPS TO 1.01875.
Hour=6504, Sec=2700, ControlIter=1, Element=Regulator.trans_addreg_rdt1844-rdt2155xx, Action= CHANGED -1 TAPS TO 1.0125.
Hour=6517, Sec=0, ControlIter=1, Element=Regulator.trans_addreg_rdt1844-rdt2155xx, Action= CHANGED 1 TAPS TO 1.01875.
Hour=6520, Sec=900, ControlIter=1, Element=Regulator.trans_addreg_rdt1844-rdt2155xx, Action= CHANGED 1 TAPS TO 1.025.
Hour=6526, Sec=2700, ControlIter=1, Element=Regulator.trans_addreg_rdt1844-rdt2155xx, Action= CHANGED -1 TAPS TO 1.01875.
Hour=6530, Sec=1800, ControlIter=1, Element=Regulator.trans_addreg_rdt1844-rdt2155xx, Action= CHANGED -1 TAPS TO 1.0125.
Hour=6539, Sec=2700, ControlIter=1, Element=Regulator.trans_addreg_rdt1844-rdt2155xx, Action= CHANGED 1 TAPS TO 1.01875.
Hour=6554, Sec=0, ControlIter=1, Element=Regulator.trans_addreg_rdt1844-rdt2155xx, Action= CHANGED -1 TAPS TO 1.0125.
Hour=6564, Sec=2700, ControlIter=1, Element=Regulator.trans_addreg_rdt1844-rdt2155xx, Action= CHANGED 1 TAPS TO 1.01875.
Hour=6567, Sec=1800, ControlIter=1, Element=Regulator.trans_addreg_rdt1844-rdt2155xx, Action= CHANGED 1 TAPS TO 1.025.
Hour=6574, Sec=1800, ControlIter=1, Element=Regulator.trans_addreg_rdt1844-rdt2155xx, Action= CHANGED -1 TAPS TO 1.01875.
Hour=6577, Sec=900, ControlIter=1, Element=Regulator.trans_addreg_rdt1844-rdt2155xx, Action= CHANGED -1 TAPS TO 1.0125.
Hour=6589, Sec=0, ControlIter=1, Element=Regulator.trans_addreg_rdt1844-rdt2155xx, Action= CHANGED 1 TAPS TO 1.01875.
Hour=6592, Sec=900, ControlIter=1, Element=Regulator.trans_addreg_rdt1844-rdt2155xx, Action= CHANGED 1 TAPS TO 1.025.
Hour=6598, Sec=2700, ControlIter=1, Element=Regulator.trans_addreg_rdt1844-rdt2155xx, Action= CHANGED -1 TAPS TO 1.01875.
Hour=6602, Sec=900, ControlIter=1, Element=Regulator.trans_addreg_rdt1844-rdt2155xx, Action= CHANGED -1 TAPS TO 1.0125.
Hour=6610, Sec=0, ControlIter=1, Element=Regulator.trans_addreg_rdt1844-rdt2155xx, Action= CHANGED 1 TAPS TO 1.01875.
Hour=6615, Sec=0, ControlIter=1, Element=Regulator.trans_addreg_rdt1844-rdt2155xx, Action= CHANGED 1 TAPS TO 1.025.
Hour=6617, Sec=900, ControlIter=1, Element=Regulator.trans_addreg_rdt1844-rdt2155xx, Action= CHANGED 1 TAPS TO 1.03125.
Hour=6621, Sec=900, ControlIter=1, Element=Regulator.trans_addreg_rdt1844-rdt2155xx, Action= CHANGED -1 TAPS TO 1.025.
Hour=6623, Sec=0, ControlIter=1, Element=Regulator.trans_addreg_rdt1844-rdt2155xx, Action= CHANGED -1 TAPS TO 1.01875.
Hour=6638, Sec=2700, ControlIter=1, Element=Regulator.trans_addreg_rdt1844-rdt2155xx, Action= CHANGED 1 TAPS TO 1.025.
Hour=6640, Sec=0, ControlIter=1, Element=Regulator.trans_addreg_rdt1844-rdt2155xx, Action= CHANGED 1 TAPS TO 1.03125.
Hour=6646, Sec=0, ControlIter=1, Element=Regulator.trans_addreg_rdt1844-rdt2155xx, Action= CHANGED -1 TAPS TO 1.025.
Hour=6647, Sec=0, ControlIter=1, Element=Regulator.trans_addreg_rdt1844-rdt2155xx, Action= CHANGED -1 TAPS TO 1.01875.
Hour=6661, Sec=1800, ControlIter=1, Element=Regulator.trans_addreg_rdt1844-rdt2155xx, Action= CHANGED 1 TAPS TO 1.025.
Hour=6665, Sec=0, ControlIter=1, Element=Regulator.trans_addreg_rdt1844-rdt2155xx, Action= CHANGED 1 TAPS TO 1.03125.
Hour=6669, Sec=2700, ControlIter=1, Element=Regulator.trans_addreg_rdt1844-rdt2155xx, Action= CHANGED -1 TAPS TO 1.025.
Hour=6671, Sec=1800, ControlIter=1, Element=Regulator.trans_addreg_rdt1844-rdt2155xx, Action= CHANGED -1 TAPS TO 1.01875.
Hour=6686, Sec=1800, ControlIter=1, Element=Regulator.trans_addreg_rdt1844-rdt2155xx, Action= CHANGED 1 TAPS TO 1.025.
Hour=6689, Sec=900, ControlIter=1, Element=Regulator.trans_addreg_rdt1844-rdt2155xx, Action= CHANGED 1 TAPS TO 1.03125.
Hour=6694, Sec=900, ControlIter=1, Element=Regulator.trans_addreg_rdt1844-rdt2155xx, Action= CHANGED -1 TAPS TO 1.025.
Hour=6695, Sec=900, ControlIter=1, Element=Regulator.trans_addreg_rdt1844-rdt2155xx, Action= CHANGED -1 TAPS TO 1.01875.
Hour=6711, Sec=0, ControlIter=1, Element=Regulator.trans_addreg_rdt1844-rdt2155xx, Action= CHANGED 1 TAPS TO 1.025.
Hour=6712, Sec=1800, ControlIter=1, Element=Regulator.trans_addreg_rdt1844-rdt2155xx, Action= CHANGED 1 TAPS TO 1.03125.
Hour=6717, Sec=900, ControlIter=1, Element=Regulator.trans_addreg_rdt1844-rdt2155xx, Action= CHANGED -1 TAPS TO 1.025.
Hour=6719, Sec=900, ControlIter=1, Element=Regulator.trans_addreg_rdt1844-rdt2155xx, Action= CHANGED -1 TAPS TO 1.01875.
Hour=6735, Sec=2700, ControlIter=1, Element=Regulator.trans_addreg_rdt1844-rdt2155xx, Action= CHANGED 1 TAPS TO 1.025.
Hour=6736, Sec=2700, ControlIter=1, Element=Regulator.trans_addreg_rdt1844-rdt2155xx, Action= CHANGED 1 TAPS TO 1.03125.
Hour=6741, Sec=1800, ControlIter=1, Element=Regulator.trans_addreg_rdt1844-rdt2155xx, Action= CHANGED -1 TAPS TO 1.025.
Hour=6742, Sec=900, ControlIter=1, Element=Regulator.trans_addreg_rdt1844-rdt2155xx, Action= CHANGED -1 TAPS TO 1.01875.
Hour=6760, Sec=900, ControlIter=1, Element=Regulator.trans_addreg_rdt1844-rdt2155xx, Action= CHANGED 1 TAPS TO 1.025.
Hour=6767, Sec=900, ControlIter=1, Element=Regulator.trans_addreg_rdt1844-rdt2155xx, Action= CHANGED -1 TAPS TO 1.01875.
Hour=6769, Sec=900, ControlIter=1, Element=Regulator.trans_addreg_rdt1844-rdt2155xx, Action= CHANGED -1 TAPS TO 1.0125.
Hour=6784, Sec=900, ControlIter=1, Element=Regulator.trans_addreg_rdt1844-rdt2155xx, Action= CHANGED 1 TAPS TO 1.01875.
Hour=6816, Sec=1800, ControlIter=1, Element=Regulator.trans_addreg_rdt1844-rdt2155xx, Action= CHANGED -1 TAPS TO 1.0125.
Hour=6832, Sec=1800, ControlIter=1, Element=Regulator.trans_addreg_rdt1844-rdt2155xx, Action= CHANGED 1 TAPS TO 1.01875.
Hour=6839, Sec=2700, ControlIter=1, Element=Regulator.trans_addreg_rdt1844-rdt2155xx, Action= CHANGED -1 TAPS TO 1.0125.
Hour=6904, Sec=900, ControlIter=1, Element=Regulator.trans_addreg_rdt1844-rdt2155xx, Action= CHANGED 1 TAPS TO 1.01875.
Hour=6912, Sec=1800, ControlIter=1, Element=Regulator.trans_addreg_rdt1844-rdt2155xx, Action= CHANGED -1 TAPS TO 1.0125.
Hour=6928, Sec=2700, ControlIter=1, Element=Regulator.trans_addreg_rdt1844-rdt2155xx, Action= CHANGED 1 TAPS TO 1.01875.
Hour=6936, Sec=1800, ControlIter=1, Element=Regulator.trans_addreg_rdt1844-rdt2155xx, Action= CHANGED -1 TAPS TO 1.0125.
Hour=7171, Sec=0, ControlIter=1, Element=Regulator.trans_addreg_rdt1844-rdt2155xx, Action= CHANGED 1 TAPS TO 1.01875.
Hour=7177, Sec=900, ControlIter=1, Element=Regulator.trans_addreg_rdt1844-rdt2155xx, Action= CHANGED -1 TAPS TO 1.0125.
Hour=7289, Sec=0, ControlIter=1, Element=Regulator.trans_addreg_rdt1844-rdt2155xx, Action= CHANGED 1 TAPS TO 1.01875.
Hour=7297, Sec=900, ControlIter=1, Element=Regulator.trans_addreg_rdt1844-rdt2155xx, Action= CHANGED -1 TAPS TO 1.0125.
Hour=7458, Sec=900, ControlIter=1, Element=Regulator.trans_addreg_rdt1844-rdt2155xx, Action= CHANGED 1 TAPS TO 1.01875.
Hour=7465, Sec=0, ControlIter=1, Element=Regulator.trans_addreg_rdt1844-rdt2155xx, Action= CHANGED -1 TAPS TO 1.0125.
Hour=7507, Sec=900, ControlIter=1, Element=Regulator.trans_addreg_rdt1844-rdt2155xx, Action= CHANGED 1 TAPS TO 1.01875.
Hour=7514, Sec=2700, ControlIter=1, Element=Regulator.trans_addreg_rdt1844-rdt2155xx, Action= CHANGED -1 TAPS TO 1.0125.
Hour=7529, Sec=1800, ControlIter=1, Element=Regulator.trans_addreg_rdt1844-rdt2155xx, Action= CHANGED 1 TAPS TO 1.01875.
Hour=7561, Sec=1800, ControlIter=1, Element=Regulator.trans_addreg_rdt1844-rdt2155xx, Action= CHANGED -1 TAPS TO 1.0125.
Hour=7577, Sec=1800, ControlIter=1, Element=Regulator.trans_addreg_rdt1844-rdt2155xx, Action= CHANGED 1 TAPS TO 1.01875.
Hour=7609, Sec=1800, ControlIter=1, Element=Regulator.trans_addreg_rdt1844-rdt2155xx, Action= CHANGED -1 TAPS TO 1.0125.
Hour=7620, Sec=0, ControlIter=1, Element=Regulator.trans_addreg_rdt1844-rdt2155xx, Action= CHANGED 1 TAPS TO 1.01875.
Hour=7705, Sec=900, ControlIter=1, Element=Regulator.trans_addreg_rdt1844-rdt2155xx, Action= CHANGED -1 TAPS TO 1.0125.
Hour=7723, Sec=0, ControlIter=1, Element=Regulator.trans_addreg_rdt1844-rdt2155xx, Action= CHANGED 1 TAPS TO 1.01875.
Hour=7729, Sec=900, ControlIter=1, Element=Regulator.trans_addreg_rdt1844-rdt2155xx, Action= CHANGED -1 TAPS TO 1.0125.
Hour=7818, Sec=900, ControlIter=1, Element=Regulator.trans_addreg_rdt1844-rdt2155xx, Action= CHANGED 1 TAPS TO 1.01875.
Hour=7873, Sec=2700, ControlIter=1, Element=Regulator.trans_addreg_rdt1844-rdt2155xx, Action= CHANGED -1 TAPS TO 1.0125.
Hour=7938, Sec=0, ControlIter=1, Element=Regulator.trans_addreg_rdt1844-rdt2155xx, Action= CHANGED 1 TAPS TO 1.01875.
Hour=7994, Sec=0, ControlIter=1, Element=Regulator.trans_addreg_rdt1844-rdt2155xx, Action= CHANGED -1 TAPS TO 1.0125.
Hour=8035, Sec=900, ControlIter=1, Element=Regulator.trans_addreg_rdt1844-rdt2155xx, Action= CHANGED 1 TAPS TO 1.01875.
Hour=8043, Sec=0, ControlIter=1, Element=Regulator.trans_addreg_rdt1844-rdt2155xx, Action= CHANGED -1 TAPS TO 1.0125.
Hour=8058, Sec=0, ControlIter=1, Element=Regulator.trans_addreg_rdt1844-rdt2155xx, Action= CHANGED 1 TAPS TO 1.01875.
Hour=8065, Sec=900, ControlIter=1, Element=Regulator.trans_addreg_rdt1844-rdt2155xx, Action= CHANGED -1 TAPS TO 1.0125.
Hour=8105, Sec=1800, ControlIter=1, Element=Regulator.trans_addreg_rdt1844-rdt2155xx, Action= CHANGED 1 TAPS TO 1.01875.
Hour=8378, Sec=900, ControlIter=1, Element=Regulator.trans_addreg_rdt1844-rdt2155xx, Action= CHANGED -1 TAPS TO 1.0125.
Hour=8394, Sec=900, ControlIter=1, Element=Regulator.trans_addreg_rdt1844-rdt2155xx, Action= CHANGED 1 TAPS TO 1.01875.
Hour=8401, Sec=1800, ControlIter=1, Element=Regulator.trans_addreg_rdt1844-rdt2155xx, Action= CHANGED -1 TAPS TO 1.0125.
Hour=8419, Sec=2700, ControlIter=1, Element=Regulator.trans_addreg_rdt1844-rdt2155xx, Action= CHANGED 1 TAPS TO 1.01875.
Hour=8449, Sec=2700, ControlIter=1, Element=Regulator.trans_addreg_rdt1844-rdt2155xx, Action= CHANGED -1 TAPS TO 1.0125.
Hour=8466, Sec=0, ControlIter=1, Element=Regulator.trans_addreg_rdt1844-rdt2155xx, Action= CHANGED 1 TAPS TO 1.01875.
Hour=8474, Sec=0, ControlIter=1, Element=Regulator.trans_addreg_rdt1844-rdt2155xx, Action= CHANGED -1 TAPS TO 1.0125.
Hour=8489, Sec=0, ControlIter=1, Element=Regulator.trans_addreg_rdt1844-rdt2155xx, Action= CHANGED 1 TAPS TO 1.01875.
Hour=8497, Sec=1800, ControlIter=1, Element=Regulator.trans_addreg_rdt1844-rdt2155xx, Action= CHANGED -1 TAPS TO 1.0125.
Hour=8516, Sec=0, ControlIter=1, Element=Regulator.trans_addreg_rdt1844-rdt2155xx, Action= CHANGED 1 TAPS TO 1.01875.
Hour=8522, Sec=2700, ControlIter=1, Element=Regulator.trans_addreg_rdt1844-rdt2155xx, Action= CHANGED -1 TAPS TO 1.0125.
Hour=8538, Sec=1800, ControlIter=1, Element=Regulator.trans_addreg_rdt1844-rdt2155xx, Action= CHANGED 1 TAPS TO 1.01875.
Hour=8682, Sec=900, ControlIter=1, Element=Regulator.trans_addreg_rdt1844-rdt2155xx, Action= CHANGED 1 TAPS TO 1.025.
Hour=8686, Sec=900, ControlIter=1, Element=Regulator.trans_addreg_rdt1844-rdt2155xx, Action= CHANGED -1 TAPS TO 1.01875.
Hour=8689, Sec=0, ControlIter=1, Element=Regulator.trans_addreg_rdt1844-rdt2155xx, Action= CHANGED -1 TAPS TO 1.0125.
Hour=8706, Sec=1800, ControlIter=1, Element=Regulator.trans_addreg_rdt1844-rdt2155xx, Action= CHANGED 1 TAPS TO 1.01875.
Hour=8713, Sec=2700, ControlIter=1, Element=Regulator.trans_addreg_rdt1844-rdt2155xx, Action= CHANGED -1 TAPS TO 1.0125.
Hour=8730, Sec=900, ControlIter=1, Element=Regulator.trans_addreg_rdt1844-rdt2155xx, Action= CHANGED 1 TAPS TO 1.01875.
Hour=8736, Sec=2700, ControlIter=1, Element=Regulator.trans_addreg_rdt1844-rdt2155xx, Action= CHANGED -1 TAPS TO 1.0125.
Hour=8754, Sec=900, ControlIter=1, Element=Regulator.trans_addreg_rdt1844-rdt2155xx, Action= CHANGED 1 TAPS TO 1.01875.
Hour=19, Sec=0, ControlIter=1, Element=Regulator.trans_addreg_rdt1844-rdt2155xx, Action= CHANGED 1 TAPS TO 1.025.
