,phases,bus1,kv,irradiance,Pmpp,%Pmpp,Temperature,pf,conn,kvar,kVA,%Cutin,%Cutout,EffCurve,P-TCurve,%R,%X,model,Vminpu,Vmaxpu,Balanced,LimitCurrent,yearly,daily,duty,Tyearly,Tdaily,Tduty,class,UserModel,UserData,debugtrace,VarFollowInverter,DutyStart,WattPriority,PFPriority,%PminNoVars,%PminkvarMax,kvarMax,kvarMaxAbs,spectrum,basefreq,enabled,like
PVSystem.pv_load_p1rlv4414,1,p1rlv4414.1.2,0.24,1,3,100,25,1,wye,0,2.72727,0.1,0.1,,,50,0,1,0.9,1.1,No,No,GSO_36.1751_-79.7183_45_225,,,,,,1,,(),NO,No,0,NO,NO,-1,-1,2.72727,2.72727,,60,True,
PVSystem.pv_load_p1rlv2755,1,p1rlv2755.1.2,0.24,1,3,100,25,1,wye,0,2.72727,0.1,0.1,,,50,0,1,0.9,1.1,No,No,GSO_36.2120_-79.7183_35_135,,,,,,1,,(),NO,No,0,NO,NO,-1,-1,2.72727,2.72727,,60,True,
PVSystem.pv_load_p1rlv3822,1,p1rlv3822.1.2,0.24,1,3,100,25,1,wye,0,2.72727,0.1,0.1,,,50,0,1,0.9,1.1,No,No,GSO_36.1751_-79.7183_15_225,,,,,,1,,(),NO,No,0,NO,NO,-1,-1,2.72727,2.72727,,60,True,
PVSystem.pv_load_p1rlv1905,1,p1rlv1905.1.2,0.24,1,3,100,25,1,wye,0,2.72727,0.1,0.1,,,50,0,1,0.9,1.1,No,No,GSO_36.2489_-79.7183_25_180,,,,,,1,,(),NO,No,0,NO,NO,-1,-1,2.72727,2.72727,,60,True,
PVSystem.pv_load_p1rlv3835,1,p1rlv3835.1.2,0.24,1,3,100,25,1,wye,0,2.72727,0.1,0.1,,,50,0,1,0.9,1.1,No,No,GSO_36.1751_-79.7183_35_270,,,,,,1,,(),NO,No,0,NO,NO,-1,-1,2.72727,2.72727,,60,True,
PVSystem.pv_load_p1rlv1963,1,p1rlv1963.1.2,0.24,1,3,100,25,1,wye,0,2.72727,0.1,0.1,,,50,0,1,0.9,1.1,No,No,GSO_36.2120_-79.7183_15_225,,,,,,1,,(),NO,No,0,NO,NO,-1,-1,2.72727,2.72727,,60,True,
PVSystem.pv_load_p1rlv3883,1,p1rlv3883.1.2,0.24,1,3,100,25,1,wye,0,2.72727,0.1,0.1,,,50,0,1,0.9,1.1,No,No,GSO_36.1751_-79.7183_45_135,,,,,,1,,(),NO,No,0,NO,NO,-1,-1,2.72727,2.72727,,60,True,
PVSystem.pv_load_p1rlv1881,1,p1rlv1881.1.2,0.24,1,3,100,25,1,wye,0,2.72727,0.1,0.1,,,50,0,1,0.9,1.1,No,No,GSO_36.2120_-79.7183_35_90,,,,,,1,,(),NO,No,0,NO,NO,-1,-1,2.72727,2.72727,,60,True,
PVSystem.pv_load_p1rlv2798,1,p1rlv2798.1.2,0.24,1,3,100,25,1,wye,0,2.72727,0.1,0.1,,,50,0,1,0.9,1.1,No,No,GSO_36.2120_-79.7183_35_180,,,,,,1,,(),NO,No,0,NO,NO,-1,-1,2.72727,2.72727,,60,True,
PVSystem.pv_load_p1rlv2852,1,p1rlv2852.1.2,0.24,1,3,100,25,1,wye,0,2.72727,0.1,0.1,,,50,0,1,0.9,1.1,No,No,GSO_36.2120_-79.7183_45_270,,,,,,1,,(),NO,No,0,NO,NO,-1,-1,2.72727,2.72727,,60,True,
PVSystem.pv_load_p1rlv2858,1,p1rlv2858.1.2,0.24,1,3,100,25,1,wye,0,2.72727,0.1,0.1,,,50,0,1,0.9,1.1,No,No,GSO_36.2120_-79.7183_25_90,,,,,,1,,(),NO,No,0,NO,NO,-1,-1,2.72727,2.72727,,60,True,
PVSystem.pv_load_p1rlv5038,1,p1rlv5038.1.2,0.24,1,3,100,25,1,wye,0,2.72727,0.1,0.1,,,50,0,1,0.9,1.1,No,No,GSO_36.1751_-79.7183_35_270,,,,,,1,,(),NO,No,0,NO,NO,-1,-1,2.72727,2.72727,,60,True,
PVSystem.pv_load_p1rlv2809,1,p1rlv2809.1.2,0.24,1,3,100,25,1,wye,0,2.72727,0.1,0.1,,,50,0,1,0.9,1.1,No,No,GSO_36.2120_-79.7183_25_180,,,,,,1,,(),NO,No,0,NO,NO,-1,-1,2.72727,2.72727,,60,True,
PVSystem.pv_load_p1rlv2872,3,p1rlv2872.1.2.3,0.48,1,3,100,25,1,wye,0,2.72727,0.1,0.1,,,50,0,1,0.9,1.1,No,No,GSO_36.2120_-79.7183_35_135,,,,,,1,,(),NO,No,0,NO,NO,-1,-1,2.72727,2.72727,,60,True,
PVSystem.pv_load_p1rlv2787,1,p1rlv2787.1.2,0.24,1,3,100,25,1,wye,0,2.72727,0.1,0.1,,,50,0,1,0.9,1.1,No,No,GSO_36.2120_-79.7183_45_270,,,,,,1,,(),NO,No,0,NO,NO,-1,-1,2.72727,2.72727,,60,True,
PVSystem.pv_load_p1rlv2680,1,p1rlv2680.1.2,0.24,1,3,100,25,1,wye,0,2.72727,0.1,0.1,,,50,0,1,0.9,1.1,No,No,GSO_36.2120_-79.7183_25_180,,,,,,1,,(),NO,No,0,NO,NO,-1,-1,2.72727,2.72727,,60,True,
PVSystem.pv_load_p1rlv3143,1,p1rlv3143.1.2,0.24,1,3,100,25,1,wye,0,2.72727,0.1,0.1,,,50,0,1,0.9,1.1,No,No,GSO_36.2120_-79.7183_25_90,,,,,,1,,(),NO,No,0,NO,NO,-1,-1,2.72727,2.72727,,60,True,
PVSystem.pv_load_p1rlv5051,1,p1rlv5051.1.2,0.24,1,3,100,25,1,wye,0,2.72727,0.1,0.1,,,50,0,1,0.9,1.1,No,No,GSO_36.1751_-79.7183_15_135,,,,,,1,,(),NO,No,0,NO,NO,-1,-1,2.72727,2.72727,,60,True,
PVSystem.pv_load_p1rlv3725,1,p1rlv3725.1.2,0.24,1,3,100,25,1,wye,0,2.72727,0.1,0.1,,,50,0,1,0.9,1.1,No,No,GSO_36.1751_-79.7183_45_135,,,,,,1,,(),NO,No,0,NO,NO,-1,-1,2.72727,2.72727,,60,True,
PVSystem.pv_load_p1rlv3767,1,p1rlv3767.1.2,0.24,1,3,100,25,1,wye,0,2.72727,0.1,0.1,,,50,0,1,0.9,1.1,No,No,GSO_36.1751_-79.7183_25_90,,,,,,1,,(),NO,No,0,NO,NO,-1,-1,2.72727,2.72727,,60,True,
PVSystem.pv_load_p1rlv3222,1,p1rlv3222.1.2,0.24,1,3,100,25,1,wye,0,2.72727,0.1,0.1,,,50,0,1,0.9,1.1,No,No,GSO_36.1751_-79.7183_35_90,,,,,,1,,(),NO,No,0,NO,NO,-1,-1,2.72727,2.72727,,60,True,
PVSystem.pv_load_p1rlv2814,1,p1rlv2814.1.2,0.24,1,3,100,25,1,wye,0,2.72727,0.1,0.1,,,50,0,1,0.9,1.1,No,No,GSO_36.2120_-79.7183_35_135,,,,,,1,,(),NO,No,0,NO,NO,-1,-1,2.72727,2.72727,,60,True,
PVSystem.pv_load_p1rlv3107,1,p1rlv3107.1.2,0.24,1,3,100,25,1,wye,0,2.72727,0.1,0.1,,,50,0,1,0.9,1.1,No,No,GSO_36.2120_-79.7183_45_180,,,,,,1,,(),NO,No,0,NO,NO,-1,-1,2.72727,2.72727,,60,True,
PVSystem.pv_load_p1rlv3024,1,p1rlv3024.1.2,0.24,1,3,100,25,1,wye,0,2.72727,0.1,0.1,,,50,0,1,0.9,1.1,No,No,GSO_36.2120_-79.7183_25_270,,,,,,1,,(),NO,No,0,NO,NO,-1,-1,2.72727,2.72727,,60,True,
PVSystem.pv_load_p1rlv1899,1,p1rlv1899.1.2,0.24,1,3,100,25,1,wye,0,2.72727,0.1,0.1,,,50,0,1,0.9,1.1,No,No,GSO_36.2489_-79.7183_35_180,,,,,,1,,(),NO,No,0,NO,NO,-1,-1,2.72727,2.72727,,60,True,
PVSystem.pv_load_p1rlv3183,1,p1rlv3183.1.2,0.24,1,3,100,25,1,wye,0,2.72727,0.1,0.1,,,50,0,1,0.9,1.1,No,No,GSO_36.1751_-79.7183_15_180,,,,,,1,,(),NO,No,0,NO,NO,-1,-1,2.72727,2.72727,,60,True,
PVSystem.pv_load_p1rlv5046,1,p1rlv5046.1.2,0.24,1,3,100,25,1,wye,0,2.72727,0.1,0.1,,,50,0,1,0.9,1.1,No,No,GSO_36.1751_-79.7183_15_225,,,,,,1,,(),NO,No,0,NO,NO,-1,-1,2.72727,2.72727,,60,True,
PVSystem.pv_load_p1rlv5245,1,p1rlv5245.1.2,0.24,1,3,100,25,1,wye,0,2.72727,0.1,0.1,,,50,0,1,0.9,1.1,No,No,GSO_36.1751_-79.7183_45_270,,,,,,1,,(),NO,No,0,NO,NO,-1,-1,2.72727,2.72727,,60,True,
PVSystem.pv_load_p1rlv2006,1,p1rlv2006.1.2,0.24,1,3,100,25,1,wye,0,2.72727,0.1,0.1,,,50,0,1,0.9,1.1,No,No,GSO_36.2120_-79.7183_25_90,,,,,,1,,(),NO,No,0,NO,NO,-1,-1,2.72727,2.72727,,60,True,
PVSystem.pv_load_p1rlv2898,1,p1rlv2898.1.2,0.24,1,3,100,25,1,wye,0,2.72727,0.1,0.1,,,50,0,1,0.9,1.1,No,No,GSO_36.2120_-79.7183_15_135,,,,,,1,,(),NO,No,0,NO,NO,-1,-1,2.72727,2.72727,,60,True,
PVSystem.pv_load_p1rlv3719,1,p1rlv3719.1.2,0.24,1,3,100,25,1,wye,0,2.72727,0.1,0.1,,,50,0,1,0.9,1.1,No,No,GSO_36.1751_-79.7183_35_180,,,,,,1,,(),NO,No,0,NO,NO,-1,-1,2.72727,2.72727,,60,True,
PVSystem.pv_load_p1rlv3807,1,p1rlv3807.1.2,0.24,1,3,100,25,1,wye,0,2.72727,0.1,0.1,,,50,0,1,0.9,1.1,No,No,GSO_36.1751_-79.7183_45_180,,,,,,1,,(),NO,No,0,NO,NO,-1,-1,2.72727,2.72727,,60,True,
PVSystem.pv_load_p1rlv2828,1,p1rlv2828.1.2,0.24,1,3,100,25,1,wye,0,2.72727,0.1,0.1,,,50,0,1,0.9,1.1,No,No,GSO_36.2120_-79.7183_25_180,,,,,,1,,(),NO,No,0,NO,NO,-1,-1,2.72727,2.72727,,60,True,
PVSystem.pv_load_p1rlv3042,1,p1rlv3042.1.2,0.24,1,3,100,25,1,wye,0,2.72727,0.1,0.1,,,50,0,1,0.9,1.1,No,No,GSO_36.2120_-79.7183_45_135,,,,,,1,,(),NO,No,0,NO,NO,-1,-1,2.72727,2.72727,,60,True,
PVSystem.pv_load_p1rlv3885,1,p1rlv3885.1.2,0.24,1,3,100,25,1,wye,0,2.72727,0.1,0.1,,,50,0,1,0.9,1.1,No,No,GSO_36.1751_-79.7183_35_270,,,,,,1,,(),NO,No,0,NO,NO,-1,-1,2.72727,2.72727,,60,True,
PVSystem.pv_load_p1rlv2897,1,p1rlv2897.1.2,0.24,1,3,100,25,1,wye,0,2.72727,0.1,0.1,,,50,0,1,0.9,1.1,No,No,GSO_36.2120_-79.7183_15_270,,,,,,1,,(),NO,No,0,NO,NO,-1,-1,2.72727,2.72727,,60,True,
PVSystem.pv_load_p1rlv3740,1,p1rlv3740.1.2,0.24,1,3,100,25,1,wye,0,2.72727,0.1,0.1,,,50,0,1,0.9,1.1,No,No,GSO_36.1751_-79.7183_35_135,,,,,,1,,(),NO,No,0,NO,NO,-1,-1,2.72727,2.72727,,60,True,
PVSystem.pv_load_p1rlv2613,1,p1rlv2613.1.2,0.24,1,3,100,25,1,wye,0,2.72727,0.1,0.1,,,50,0,1,0.9,1.1,No,No,GSO_36.2120_-79.7183_25_135,,,,,,1,,(),NO,No,0,NO,NO,-1,-1,2.72727,2.72727,,60,True,
PVSystem.pv_load_p1rlv3658,1,p1rlv3658.1.2,0.24,1,3,100,25,1,wye,0,2.72727,0.1,0.1,,,50,0,1,0.9,1.1,No,No,GSO_36.1751_-79.7183_45_225,,,,,,1,,(),NO,No,0,NO,NO,-1,-1,2.72727,2.72727,,60,True,
PVSystem.pv_load_p1rlv2827,1,p1rlv2827.1.2,0.24,1,3,100,25,1,wye,0,2.72727,0.1,0.1,,,50,0,1,0.9,1.1,No,No,GSO_36.2120_-79.7183_15_90,,,,,,1,,(),NO,No,0,NO,NO,-1,-1,2.72727,2.72727,,60,True,
PVSystem.pv_load_p1rlv3832,1,p1rlv3832.1.2,0.24,1,3,100,25,1,wye,0,2.72727,0.1,0.1,,,50,0,1,0.9,1.1,No,No,GSO_36.1751_-79.7183_15_270,,,,,,1,,(),NO,No,0,NO,NO,-1,-1,2.72727,2.72727,,60,True,
PVSystem.pv_load_p1rlv2788,1,p1rlv2788.1.2,0.24,1,3,100,25,1,wye,0,2.72727,0.1,0.1,,,50,0,1,0.9,1.1,No,No,GSO_36.2120_-79.7183_35_180,,,,,,1,,(),NO,No,0,NO,NO,-1,-1,2.72727,2.72727,,60,True,
PVSystem.pv_load_p1rlv3043,1,p1rlv3043.1.2,0.24,1,3,100,25,1,wye,0,2.72727,0.1,0.1,,,50,0,1,0.9,1.1,No,No,GSO_36.2120_-79.7183_45_180,,,,,,1,,(),NO,No,0,NO,NO,-1,-1,2.72727,2.72727,,60,True,
PVSystem.pv_load_p1rlv3040,1,p1rlv3040.1.2,0.24,1,3,100,25,1,wye,0,2.72727,0.1,0.1,,,50,0,1,0.9,1.1,No,No,GSO_36.2120_-79.7183_25_225,,,,,,1,,(),NO,No,0,NO,NO,-1,-1,2.72727,2.72727,,60,True,
PVSystem.pv_load_p1rlv2615,1,p1rlv2615.1.2,0.24,1,3,100,25,1,wye,0,2.72727,0.1,0.1,,,50,0,1,0.9,1.1,No,No,GSO_36.2120_-79.7183_35_90,,,,,,1,,(),NO,No,0,NO,NO,-1,-1,2.72727,2.72727,,60,True,
PVSystem.pv_load_p1rlv1986,1,p1rlv1986.1.2,0.24,1,3,100,25,1,wye,0,2.72727,0.1,0.1,,,50,0,1,0.9,1.1,No,No,GSO_36.2120_-79.7183_45_180,,,,,,1,,(),NO,No,0,NO,NO,-1,-1,2.72727,2.72727,,60,True,
PVSystem.pv_load_p1rlv2743,1,p1rlv2743.1.2,0.24,1,3,100,25,1,wye,0,2.72727,0.1,0.1,,,50,0,1,0.9,1.1,No,No,GSO_36.2120_-79.7183_35_225,,,,,,1,,(),NO,No,0,NO,NO,-1,-1,2.72727,2.72727,,60,True,
PVSystem.pv_load_p1rlv2564,1,p1rlv2564.1.2,0.24,1,3,100,25,1,wye,0,2.72727,0.1,0.1,,,50,0,1,0.9,1.1,No,No,GSO_36.2120_-79.7183_45_90,,,,,,1,,(),NO,No,0,NO,NO,-1,-1,2.72727,2.72727,,60,True,
PVSystem.pv_load_p1rlv1870,1,p1rlv1870.1.2,0.24,1,3,100,25,1,wye,0,2.72727,0.1,0.1,,,50,0,1,0.9,1.1,No,No,GSO_36.2120_-79.7183_25_225,,,,,,1,,(),NO,No,0,NO,NO,-1,-1,2.72727,2.72727,,60,True,
PVSystem.pv_load_p1rlv2768,1,p1rlv2768.1.2,0.24,1,3,100,25,1,wye,0,2.72727,0.1,0.1,,,50,0,1,0.9,1.1,No,No,GSO_36.2120_-79.7183_15_135,,,,,,1,,(),NO,No,0,NO,NO,-1,-1,2.72727,2.72727,,60,True,
PVSystem.pv_load_p1rlv3161,1,p1rlv3161.1.2,0.24,1,3,100,25,1,wye,0,2.72727,0.1,0.1,,,50,0,1,0.9,1.1,No,No,GSO_36.2120_-79.7183_45_135,,,,,,1,,(),NO,No,0,NO,NO,-1,-1,2.72727,2.72727,,60,True,
PVSystem.pv_load_p1rlv3864,1,p1rlv3864.1.2,0.24,1,3,100,25,1,wye,0,2.72727,0.1,0.1,,,50,0,1,0.9,1.1,No,No,GSO_36.1751_-79.7183_15_225,,,,,,1,,(),NO,No,0,NO,NO,-1,-1,2.72727,2.72727,,60,True,
PVSystem.pv_load_p1rlv1372,1,p1rlv1372.1.2,0.24,1,3,100,25,1,wye,0,2.72727,0.1,0.1,,,50,0,1,0.9,1.1,No,No,GSO_36.2489_-79.7183_15_180,,,,,,1,,(),NO,No,0,NO,NO,-1,-1,2.72727,2.72727,,60,True,
PVSystem.pv_load_p1rlv2769,1,p1rlv2769.1.2,0.24,1,3,100,25,1,wye,0,2.72727,0.1,0.1,,,50,0,1,0.9,1.1,No,No,GSO_36.2120_-79.7183_35_90,,,,,,1,,(),NO,No,0,NO,NO,-1,-1,2.72727,2.72727,,60,True,
PVSystem.pv_load_p1rlv2535,1,p1rlv2535.1.2,0.24,1,3,100,25,1,wye,0,2.72727,0.1,0.1,,,50,0,1,0.9,1.1,No,No,GSO_36.2120_-79.7183_35_270,,,,,,1,,(),NO,No,0,NO,NO,-1,-1,2.72727,2.72727,,60,True,
PVSystem.pv_load_p1rlv2816,1,p1rlv2816.1.2,0.24,1,3,100,25,1,wye,0,2.72727,0.1,0.1,,,50,0,1,0.9,1.1,No,No,GSO_36.2120_-79.7183_25_90,,,,,,1,,(),NO,No,0,NO,NO,-1,-1,2.72727,2.72727,,60,True,
PVSystem.pv_load_p1rlv1985,1,p1rlv1985.1.2,0.24,1,3,100,25,1,wye,0,2.72727,0.1,0.1,,,50,0,1,0.9,1.1,No,No,GSO_36.2120_-79.7183_15_180,,,,,,1,,(),NO,No,0,NO,NO,-1,-1,2.72727,2.72727,,60,True,
PVSystem.pv_load_p1rlv1950,1,p1rlv1950.1.2,0.24,1,3,100,25,1,wye,0,2.72727,0.1,0.1,,,50,0,1,0.9,1.1,No,No,GSO_36.2120_-79.7183_45_90,,,,,,1,,(),NO,No,0,NO,NO,-1,-1,2.72727,2.72727,,60,True,
PVSystem.pv_load_p1rlv3673,1,p1rlv3673.1.2,0.24,1,3,100,25,1,wye,0,2.72727,0.1,0.1,,,50,0,1,0.9,1.1,No,No,GSO_36.1751_-79.7183_25_270,,,,,,1,,(),NO,No,0,NO,NO,-1,-1,2.72727,2.72727,,60,True,
PVSystem.pv_load_p1rlv2665,1,p1rlv2665.1.2,0.24,1,3,100,25,1,wye,0,2.72727,0.1,0.1,,,50,0,1,0.9,1.1,No,No,GSO_36.2120_-79.7183_35_270,,,,,,1,,(),NO,No,0,NO,NO,-1,-1,2.72727,2.72727,,60,True,
PVSystem.pv_load_p1rlv2639,1,p1rlv2639.1.2,0.24,1,3,100,25,1,wye,0,2.72727,0.1,0.1,,,50,0,1,0.9,1.1,No,No,GSO_36.2120_-79.7183_45_225,,,,,,1,,(),NO,No,0,NO,NO,-1,-1,2.72727,2.72727,,60,True,
PVSystem.pv_load_p1rlv2624,1,p1rlv2624.1.2,0.24,1,3,100,25,1,wye,0,2.72727,0.1,0.1,,,50,0,1,0.9,1.1,No,No,GSO_36.2120_-79.7183_35_270,,,,,,1,,(),NO,No,0,NO,NO,-1,-1,2.72727,2.72727,,60,True,
PVSystem.pv_load_p1rlv1869,1,p1rlv1869.1.2,0.24,1,3,100,25,1,wye,0,2.72727,0.1,0.1,,,50,0,1,0.9,1.1,No,No,GSO_36.2120_-79.7183_15_135,,,,,,1,,(),NO,No,0,NO,NO,-1,-1,2.72727,2.72727,,60,True,
PVSystem.pv_load_p1rlv3148,1,p1rlv3148.1.2,0.24,1,3,100,25,1,wye,0,2.72727,0.1,0.1,,,50,0,1,0.9,1.1,No,No,GSO_36.2120_-79.7183_45_270,,,,,,1,,(),NO,No,0,NO,NO,-1,-1,2.72727,2.72727,,60,True,
PVSystem.pv_load_p1rlv2685,1,p1rlv2685.1.2,0.24,1,3,100,25,1,wye,0,2.72727,0.1,0.1,,,50,0,1,0.9,1.1,No,No,GSO_36.2120_-79.7183_45_270,,,,,,1,,(),NO,No,0,NO,NO,-1,-1,2.72727,2.72727,,60,True,
PVSystem.pv_load_p1rlv5054,1,p1rlv5054.1.2,0.24,1,3,100,25,1,wye,0,2.72727,0.1,0.1,,,50,0,1,0.9,1.1,No,No,GSO_36.1751_-79.7183_15_225,,,,,,1,,(),NO,No,0,NO,NO,-1,-1,2.72727,2.72727,,60,True,
PVSystem.pv_load_p1rlv6066,1,p1rlv6066.1.2,0.24,1,3,100,25,1,wye,0,2.72727,0.1,0.1,,,50,0,1,0.9,1.1,No,No,GSO_36.1751_-79.7183_45_270,,,,,,1,,(),NO,No,0,NO,NO,-1,-1,2.72727,2.72727,,60,True,
PVSystem.pv_load_p1rlv1922,1,p1rlv1922.1.2,0.24,1,3,100,25,1,wye,0,2.72727,0.1,0.1,,,50,0,1,0.9,1.1,No,No,GSO_36.2489_-79.7183_25_135,,,,,,1,,(),NO,No,0,NO,NO,-1,-1,2.72727,2.72727,,60,True,
PVSystem.pv_load_p1rlv3047,1,p1rlv3047.1.2,0.24,1,3,100,25,1,wye,0,2.72727,0.1,0.1,,,50,0,1,0.9,1.1,No,No,GSO_36.2120_-79.7183_45_90,,,,,,1,,(),NO,No,0,NO,NO,-1,-1,2.72727,2.72727,,60,True,
PVSystem.pv_load_p1rlv6083,1,p1rlv6083.1.2,0.24,1,3,100,25,1,wye,0,2.72727,0.1,0.1,,,50,0,1,0.9,1.1,No,No,GSO_36.1751_-79.7183_25_180,,,,,,1,,(),NO,No,0,NO,NO,-1,-1,2.72727,2.72727,,60,True,
PVSystem.pv_load_p1rlv1992,1,p1rlv1992.1.2,0.24,1,3,100,25,1,wye,0,2.72727,0.1,0.1,,,50,0,1,0.9,1.1,No,No,GSO_36.2120_-79.7183_35_225,,,,,,1,,(),NO,No,0,NO,NO,-1,-1,2.72727,2.72727,,60,True,
PVSystem.pv_load_p1rlv3731,1,p1rlv3731.1.2,0.24,1,3,100,25,1,wye,0,2.72727,0.1,0.1,,,50,0,1,0.9,1.1,No,No,GSO_36.1751_-79.7183_35_225,,,,,,1,,(),NO,No,0,NO,NO,-1,-1,2.72727,2.72727,,60,True,
PVSystem.pv_load_p1rlv2577,1,p1rlv2577.1.2,0.24,1,3,100,25,1,wye,0,2.72727,0.1,0.1,,,50,0,1,0.9,1.1,No,No,GSO_36.2120_-79.7183_45_270,,,,,,1,,(),NO,No,0,NO,NO,-1,-1,2.72727,2.72727,,60,True,
PVSystem.pv_load_p1rlv5841,3,p1rlv5841.1.2.3,0.48,1,3,100,25,1,wye,0,2.72727,0.1,0.1,,,50,0,1,0.9,1.1,No,No,GSO_36.1751_-79.7183_15_90,,,,,,1,,(),NO,No,0,NO,NO,-1,-1,2.72727,2.72727,,60,True,
PVSystem.pv_load_p1rlv3745,1,p1rlv3745.1.2,0.24,1,3,100,25,1,wye,0,2.72727,0.1,0.1,,,50,0,1,0.9,1.1,No,No,GSO_36.1751_-79.7183_35_180,,,,,,1,,(),NO,No,0,NO,NO,-1,-1,2.72727,2.72727,,60,True,
PVSystem.pv_load_p1rlv5255,1,p1rlv5255.1.2,0.24,1,3,100,25,1,wye,0,2.72727,0.1,0.1,,,50,0,1,0.9,1.1,No,No,GSO_36.1751_-79.7183_15_180,,,,,,1,,(),NO,No,0,NO,NO,-1,-1,2.72727,2.72727,,60,True,
PVSystem.pv_load_p1rlv3770,1,p1rlv3770.1.2,0.24,1,3,100,25,1,wye,0,2.72727,0.1,0.1,,,50,0,1,0.9,1.1,No,No,GSO_36.1751_-79.7183_35_135,,,,,,1,,(),NO,No,0,NO,NO,-1,-1,2.72727,2.72727,,60,True,
PVSystem.pv_load_p1rlv5254,1,p1rlv5254.1.2,0.24,1,3,100,25,1,wye,0,2.72727,0.1,0.1,,,50,0,1,0.9,1.1,No,No,GSO_36.1751_-79.7183_45_180,,,,,,1,,(),NO,No,0,NO,NO,-1,-1,2.72727,2.72727,,60,True,
PVSystem.pv_load_p1rlv3674,1,p1rlv3674.1.2,0.24,1,3,100,25,1,wye,0,2.72727,0.1,0.1,,,50,0,1,0.9,1.1,No,No,GSO_36.1751_-79.7183_25_90,,,,,,1,,(),NO,No,0,NO,NO,-1,-1,2.72727,2.72727,,60,True,
PVSystem.pv_load_p1rlv3711,1,p1rlv3711.1.2,0.24,1,3,100,25,1,wye,0,2.72727,0.1,0.1,,,50,0,1,0.9,1.1,No,No,GSO_36.1751_-79.7183_45_225,,,,,,1,,(),NO,No,0,NO,NO,-1,-1,2.72727,2.72727,,60,True,
PVSystem.pv_load_p1rlv4412,1,p1rlv4412.1.2,0.24,1,3,100,25,1,wye,0,2.72727,0.1,0.1,,,50,0,1,0.9,1.1,No,No,GSO_36.1751_-79.7183_45_180,,,,,,1,,(),NO,No,0,NO,NO,-1,-1,2.72727,2.72727,,60,True,
PVSystem.pv_load_p1rlv6067,1,p1rlv6067.1.2,0.24,1,3,100,25,1,wye,0,2.72727,0.1,0.1,,,50,0,1,0.9,1.1,No,No,GSO_36.1751_-79.7183_25_90,,,,,,1,,(),NO,No,0,NO,NO,-1,-1,2.72727,2.72727,,60,True,
PVSystem.pv_load_p1rlv2871,1,p1rlv2871.1.2,0.24,1,3,100,25,1,wye,0,2.72727,0.1,0.1,,,50,0,1,0.9,1.1,No,No,GSO_36.2120_-79.7183_35_270,,,,,,1,,(),NO,No,0,NO,NO,-1,-1,2.72727,2.72727,,60,True,
PVSystem.pv_load_p1rlv2007,1,p1rlv2007.1.2,0.24,1,3,100,25,1,wye,0,2.72727,0.1,0.1,,,50,0,1,0.9,1.1,No,No,GSO_36.2120_-79.7183_25_135,,,,,,1,,(),NO,No,0,NO,NO,-1,-1,2.72727,2.72727,,60,True,
PVSystem.pv_load_p1rlv3879,1,p1rlv3879.1.2,0.24,1,3,100,25,1,wye,0,2.72727,0.1,0.1,,,50,0,1,0.9,1.1,No,No,GSO_36.1751_-79.7183_25_270,,,,,,1,,(),NO,No,0,NO,NO,-1,-1,2.72727,2.72727,,60,True,
PVSystem.pv_load_p1rlv3762,1,p1rlv3762.1.2,0.24,1,3,100,25,1,wye,0,2.72727,0.1,0.1,,,50,0,1,0.9,1.1,No,No,GSO_36.1751_-79.7183_25_180,,,,,,1,,(),NO,No,0,NO,NO,-1,-1,2.72727,2.72727,,60,True,
PVSystem.pv_load_p1rlv1946,1,p1rlv1946.1.2,0.24,1,3,100,25,1,wye,0,2.72727,0.1,0.1,,,50,0,1,0.9,1.1,No,No,GSO_36.2120_-79.7183_45_135,,,,,,1,,(),NO,No,0,NO,NO,-1,-1,2.72727,2.72727,,60,True,
PVSystem.pv_load_p1rlv1999,1,p1rlv1999.1.2,0.24,1,3,100,25,1,wye,0,2.72727,0.1,0.1,,,50,0,1,0.9,1.1,No,No,GSO_36.2489_-79.7183_45_225,,,,,,1,,(),NO,No,0,NO,NO,-1,-1,2.72727,2.72727,,60,True,
PVSystem.pv_load_p1rlv5248,1,p1rlv5248.1.2,0.24,1,3,100,25,1,wye,0,2.72727,0.1,0.1,,,50,0,1,0.9,1.1,No,No,GSO_36.1751_-79.7183_45_180,,,,,,1,,(),NO,No,0,NO,NO,-1,-1,2.72727,2.72727,,60,True,
PVSystem.pv_load_p1rlv3029,1,p1rlv3029.1.2,0.24,1,3,100,25,1,wye,0,2.72727,0.1,0.1,,,50,0,1,0.9,1.1,No,No,GSO_36.2120_-79.7183_45_270,,,,,,1,,(),NO,No,0,NO,NO,-1,-1,2.72727,2.72727,,60,True,
PVSystem.pv_load_p1rlv3727,1,p1rlv3727.1.2,0.24,1,3,100,25,1,wye,0,2.72727,0.1,0.1,,,50,0,1,0.9,1.1,No,No,GSO_36.1751_-79.7183_25_90,,,,,,1,,(),NO,No,0,NO,NO,-1,-1,2.72727,2.72727,,60,True,
PVSystem.pv_load_p1rlv3742,1,p1rlv3742.1.2,0.24,1,3,100,25,1,wye,0,2.72727,0.1,0.1,,,50,0,1,0.9,1.1,No,No,GSO_36.1751_-79.7183_45_90,,,,,,1,,(),NO,No,0,NO,NO,-1,-1,2.72727,2.72727,,60,True,
PVSystem.pv_load_p1rlv2892,1,p1rlv2892.1.2,0.24,1,3,100,25,1,wye,0,2.72727,0.1,0.1,,,50,0,1,0.9,1.1,No,No,GSO_36.2120_-79.7183_35_180,,,,,,1,,(),NO,No,0,NO,NO,-1,-1,2.72727,2.72727,,60,True,
PVSystem.pv_load_p1rlv2803,1,p1rlv2803.1.2,0.24,1,3,100,25,1,wye,0,2.72727,0.1,0.1,,,50,0,1,0.9,1.1,No,No,GSO_36.2120_-79.7183_15_90,,,,,,1,,(),NO,No,0,NO,NO,-1,-1,2.72727,2.72727,,60,True,
PVSystem.pv_load_p1rlv3886,1,p1rlv3886.1.2,0.24,1,3,100,25,1,wye,0,2.72727,0.1,0.1,,,50,0,1,0.9,1.1,No,No,GSO_36.1751_-79.7183_15_135,,,,,,1,,(),NO,No,0,NO,NO,-1,-1,2.72727,2.72727,,60,True,
PVSystem.pv_load_p1rlv3837,1,p1rlv3837.1.2,0.24,1,3,100,25,1,wye,0,2.72727,0.1,0.1,,,50,0,1,0.9,1.1,No,No,GSO_36.1751_-79.7183_25_90,,,,,,1,,(),NO,No,0,NO,NO,-1,-1,2.72727,2.72727,,60,True,
PVSystem.pv_load_p1rlv3687,1,p1rlv3687.1.2,0.24,1,3,100,25,1,wye,0,2.72727,0.1,0.1,,,50,0,1,0.9,1.1,No,No,GSO_36.1751_-79.7183_45_135,,,,,,1,,(),NO,No,0,NO,NO,-1,-1,2.72727,2.72727,,60,True,
PVSystem.pv_load_p1rlv3735,1,p1rlv3735.1.2,0.24,1,3,100,25,1,wye,0,2.72727,0.1,0.1,,,50,0,1,0.9,1.1,No,No,GSO_36.1751_-79.7183_15_180,,,,,,1,,(),NO,No,0,NO,NO,-1,-1,2.72727,2.72727,,60,True,
PVSystem.pv_load_p1rlv3137,1,p1rlv3137.1.2,0.24,1,3,100,25,1,wye,0,2.72727,0.1,0.1,,,50,0,1,0.9,1.1,No,No,GSO_36.2120_-79.7183_45_270,,,,,,1,,(),NO,No,0,NO,NO,-1,-1,2.72727,2.72727,,60,True,
PVSystem.pv_load_p1rlv3227,1,p1rlv3227.1.2,0.24,1,3,100,25,1,wye,0,2.72727,0.1,0.1,,,50,0,1,0.9,1.1,No,No,GSO_36.2120_-79.7183_35_180,,,,,,1,,(),NO,No,0,NO,NO,-1,-1,2.72727,2.72727,,60,True,
PVSystem.pv_load_p1rlv6086,1,p1rlv6086.1.2,0.24,1,3,100,25,1,wye,0,2.72727,0.1,0.1,,,50,0,1,0.9,1.1,No,No,GSO_36.1751_-79.7183_15_90,,,,,,1,,(),NO,No,0,NO,NO,-1,-1,2.72727,2.72727,,60,True,
PVSystem.pv_load_p1rlv2741,1,p1rlv2741.1.2,0.24,1,3,100,25,1,wye,0,2.72727,0.1,0.1,,,50,0,1,0.9,1.1,No,No,GSO_36.2120_-79.7183_45_225,,,,,,1,,(),NO,No,0,NO,NO,-1,-1,2.72727,2.72727,,60,True,
PVSystem.pv_load_p1rlv2550,1,p1rlv2550.1.2,0.24,1,3,100,25,1,wye,0,2.72727,0.1,0.1,,,50,0,1,0.9,1.1,No,No,GSO_36.2120_-79.7183_25_225,,,,,,1,,(),NO,No,0,NO,NO,-1,-1,2.72727,2.72727,,60,True,
PVSystem.pv_load_p1rlv2746,1,p1rlv2746.1.2,0.24,1,3,100,25,1,wye,0,2.72727,0.1,0.1,,,50,0,1,0.9,1.1,No,No,GSO_36.2120_-79.7183_35_135,,,,,,1,,(),NO,No,0,NO,NO,-1,-1,2.72727,2.72727,,60,True,
PVSystem.pv_load_p1rlv3192,1,p1rlv3192.1.2,0.24,1,3,100,25,1,wye,0,2.72727,0.1,0.1,,,50,0,1,0.9,1.1,No,No,GSO_36.1751_-79.7183_15_180,,,,,,1,,(),NO,No,0,NO,NO,-1,-1,2.72727,2.72727,,60,True,
PVSystem.pv_load_p1rlv5045,1,p1rlv5045.1.2,0.24,1,3,100,25,1,wye,0,2.72727,0.1,0.1,,,50,0,1,0.9,1.1,No,No,GSO_36.1751_-79.7183_25_225,,,,,,1,,(),NO,No,0,NO,NO,-1,-1,2.72727,2.72727,,60,True,
PVSystem.pv_load_p1rlv5056,1,p1rlv5056.1.2,0.24,1,3,100,25,1,wye,0,2.72727,0.1,0.1,,,50,0,1,0.9,1.1,No,No,GSO_36.1751_-79.7183_45_135,,,,,,1,,(),NO,No,0,NO,NO,-1,-1,2.72727,2.72727,,60,True,
PVSystem.pv_load_p1rlv2792,1,p1rlv2792.1.2,0.24,1,3,100,25,1,wye,0,2.72727,0.1,0.1,,,50,0,1,0.9,1.1,No,No,GSO_36.2120_-79.7183_35_90,,,,,,1,,(),NO,No,0,NO,NO,-1,-1,2.72727,2.72727,,60,True,
PVSystem.pv_load_p1rlv1900,1,p1rlv1900.1.2,0.24,1,3,100,25,1,wye,0,2.72727,0.1,0.1,,,50,0,1,0.9,1.1,No,No,GSO_36.2489_-79.7183_45_225,,,,,,1,,(),NO,No,0,NO,NO,-1,-1,2.72727,2.72727,,60,True,
PVSystem.pv_load_p1rlv3702,1,p1rlv3702.1.2,0.24,1,3,100,25,1,wye,0,2.72727,0.1,0.1,,,50,0,1,0.9,1.1,No,No,GSO_36.1751_-79.7183_15_180,,,,,,1,,(),NO,No,0,NO,NO,-1,-1,2.72727,2.72727,,60,True,
PVSystem.pv_load_p1rlv2637,1,p1rlv2637.1.2,0.24,1,3,100,25,1,wye,0,2.72727,0.1,0.1,,,50,0,1,0.9,1.1,No,No,GSO_36.2120_-79.7183_15_180,,,,,,1,,(),NO,No,0,NO,NO,-1,-1,2.72727,2.72727,,60,True,
PVSystem.pv_load_p1rlv5232,1,p1rlv5232.1.2,0.24,1,3,100,25,1,wye,0,2.72727,0.1,0.1,,,50,0,1,0.9,1.1,No,No,GSO_36.1751_-79.7183_25_270,,,,,,1,,(),NO,No,0,NO,NO,-1,-1,2.72727,2.72727,,60,True,
PVSystem.pv_load_p1rlv3733,1,p1rlv3733.1.2,0.24,1,3,100,25,1,wye,0,2.72727,0.1,0.1,,,50,0,1,0.9,1.1,No,No,GSO_36.1751_-79.7183_15_270,,,,,,1,,(),NO,No,0,NO,NO,-1,-1,2.72727,2.72727,,60,True,
PVSystem.pv_load_p1rlv3860,1,p1rlv3860.1.2,0.24,1,3,100,25,1,wye,0,2.72727,0.1,0.1,,,50,0,1,0.9,1.1,No,No,GSO_36.1751_-79.7183_45_90,,,,,,1,,(),NO,No,0,NO,NO,-1,-1,2.72727,2.72727,,60,True,
PVSystem.pv_load_p1rlv3808,1,p1rlv3808.1.2,0.24,1,3,100,25,1,wye,0,2.72727,0.1,0.1,,,50,0,1,0.9,1.1,No,No,GSO_36.1751_-79.7183_25_90,,,,,,1,,(),NO,No,0,NO,NO,-1,-1,2.72727,2.72727,,60,True,
PVSystem.pv_load_p1rlv2704,1,p1rlv2704.1.2,0.24,1,3,100,25,1,wye,0,2.72727,0.1,0.1,,,50,0,1,0.9,1.1,No,No,GSO_36.2120_-79.7183_35_270,,,,,,1,,(),NO,No,0,NO,NO,-1,-1,2.72727,2.72727,,60,True,
PVSystem.pv_load_p1rlv1923,1,p1rlv1923.1.2,0.24,1,3,100,25,1,wye,0,2.72727,0.1,0.1,,,50,0,1,0.9,1.1,No,No,GSO_36.2489_-79.7183_25_270,,,,,,1,,(),NO,No,0,NO,NO,-1,-1,2.72727,2.72727,,60,True,
PVSystem.pv_load_p1rlv3085,1,p1rlv3085.1.2,0.24,1,3,100,25,1,wye,0,2.72727,0.1,0.1,,,50,0,1,0.9,1.1,No,No,GSO_36.1751_-79.7183_15_270,,,,,,1,,(),NO,No,0,NO,NO,-1,-1,2.72727,2.72727,,60,True,
PVSystem.pv_load_p1rlv1880,1,p1rlv1880.1.2,0.24,1,3,100,25,1,wye,0,2.72727,0.1,0.1,,,50,0,1,0.9,1.1,No,No,GSO_36.2120_-79.7183_15_90,,,,,,1,,(),NO,No,0,NO,NO,-1,-1,2.72727,2.72727,,60,True,
PVSystem.pv_load_p1rlv2571,1,p1rlv2571.1.2,0.24,1,3,100,25,1,wye,0,2.72727,0.1,0.1,,,50,0,1,0.9,1.1,No,No,GSO_36.2120_-79.7183_45_270,,,,,,1,,(),NO,No,0,NO,NO,-1,-1,2.72727,2.72727,,60,True,
PVSystem.pv_load_p1rlv2822,1,p1rlv2822.1.2,0.24,1,3,100,25,1,wye,0,2.72727,0.1,0.1,,,50,0,1,0.9,1.1,No,No,GSO_36.2120_-79.7183_45_90,,,,,,1,,(),NO,No,0,NO,NO,-1,-1,2.72727,2.72727,,60,True,
PVSystem.pv_load_p1rlv1969,1,p1rlv1969.1.2,0.24,1,3,100,25,1,wye,0,2.72727,0.1,0.1,,,50,0,1,0.9,1.1,No,No,GSO_36.2120_-79.7183_25_135,,,,,,1,,(),NO,No,0,NO,NO,-1,-1,2.72727,2.72727,,60,True,
PVSystem.pv_load_p1rlv3135,1,p1rlv3135.1.2,0.24,1,3,100,25,1,wye,0,2.72727,0.1,0.1,,,50,0,1,0.9,1.1,No,No,GSO_36.2120_-79.7183_25_135,,,,,,1,,(),NO,No,0,NO,NO,-1,-1,2.72727,2.72727,,60,True,
PVSystem.pv_load_p1rlv3695,1,p1rlv3695.1.2,0.24,1,3,100,25,1,wye,0,2.72727,0.1,0.1,,,50,0,1,0.9,1.1,No,No,GSO_36.1751_-79.7183_15_135,,,,,,1,,(),NO,No,0,NO,NO,-1,-1,2.72727,2.72727,,60,True,
PVSystem.pv_load_p1rlv3014,1,p1rlv3014.1.2,0.24,1,3,100,25,1,wye,0,2.72727,0.1,0.1,,,50,0,1,0.9,1.1,No,No,GSO_36.2120_-79.7183_15_270,,,,,,1,,(),NO,No,0,NO,NO,-1,-1,2.72727,2.72727,,60,True,
PVSystem.pv_load_p1rlv2702,1,p1rlv2702.1.2,0.24,1,3,100,25,1,wye,0,2.72727,0.1,0.1,,,50,0,1,0.9,1.1,No,No,GSO_36.2120_-79.7183_15_270,,,,,,1,,(),NO,No,0,NO,NO,-1,-1,2.72727,2.72727,,60,True,
PVSystem.pv_load_p1rlv3159,1,p1rlv3159.1.2,0.24,1,3,100,25,1,wye,0,2.72727,0.1,0.1,,,50,0,1,0.9,1.1,No,No,GSO_36.2120_-79.7183_15_135,,,,,,1,,(),NO,No,0,NO,NO,-1,-1,2.72727,2.72727,,60,True,
PVSystem.pv_load_p1rlv3851,1,p1rlv3851.1.2,0.24,1,3,100,25,1,wye,0,2.72727,0.1,0.1,,,50,0,1,0.9,1.1,No,No,GSO_36.1751_-79.7183_35_225,,,,,,1,,(),NO,No,0,NO,NO,-1,-1,2.72727,2.72727,,60,True,
PVSystem.pv_load_p1rlv2745,1,p1rlv2745.1.2,0.24,1,3,100,25,1,wye,0,2.72727,0.1,0.1,,,50,0,1,0.9,1.1,No,No,GSO_36.2120_-79.7183_15_180,,,,,,1,,(),NO,No,0,NO,NO,-1,-1,2.72727,2.72727,,60,True,
PVSystem.pv_load_p1rlv2761,1,p1rlv2761.1.2,0.24,1,3,100,25,1,wye,0,2.72727,0.1,0.1,,,50,0,1,0.9,1.1,No,No,GSO_36.2120_-79.7183_25_225,,,,,,1,,(),NO,No,0,NO,NO,-1,-1,2.72727,2.72727,,60,True,
PVSystem.pv_load_p1rlv2844,1,p1rlv2844.1.2,0.24,1,3,100,25,1,wye,0,2.72727,0.1,0.1,,,50,0,1,0.9,1.1,No,No,GSO_36.2120_-79.7183_45_135,,,,,,1,,(),NO,No,0,NO,NO,-1,-1,2.72727,2.72727,,60,True,
PVSystem.pv_load_p1rlv3189,1,p1rlv3189.1.2,0.24,1,3,100,25,1,wye,0,2.72727,0.1,0.1,,,50,0,1,0.9,1.1,No,No,GSO_36.1751_-79.7183_25_90,,,,,,1,,(),NO,No,0,NO,NO,-1,-1,2.72727,2.72727,,60,True,
PVSystem.pv_load_p1rlv2709,1,p1rlv2709.1.2,0.24,1,3,100,25,1,wye,0,2.72727,0.1,0.1,,,50,0,1,0.9,1.1,No,No,GSO_36.2120_-79.7183_15_270,,,,,,1,,(),NO,No,0,NO,NO,-1,-1,2.72727,2.72727,,60,True,
PVSystem.pv_load_p1rlv2804,1,p1rlv2804.1.2,0.24,1,3,100,25,1,wye,0,2.72727,0.1,0.1,,,50,0,1,0.9,1.1,No,No,GSO_36.2120_-79.7183_15_225,,,,,,1,,(),NO,No,0,NO,NO,-1,-1,2.72727,2.72727,,60,True,
PVSystem.pv_load_p1rlv2699,1,p1rlv2699.1.2,0.24,1,3,100,25,1,wye,0,2.72727,0.1,0.1,,,50,0,1,0.9,1.1,No,No,GSO_36.2120_-79.7183_15_180,,,,,,1,,(),NO,No,0,NO,NO,-1,-1,2.72727,2.72727,,60,True,
PVSystem.pv_load_p1rlv3231,1,p1rlv3231.1.2,0.24,1,3,100,25,1,wye,0,2.72727,0.1,0.1,,,50,0,1,0.9,1.1,No,No,GSO_36.2120_-79.7183_25_180,,,,,,1,,(),NO,No,0,NO,NO,-1,-1,2.72727,2.72727,,60,True,
PVSystem.pv_load_p1rlv5247,1,p1rlv5247.1.2,0.24,1,3,100,25,1,wye,0,2.72727,0.1,0.1,,,50,0,1,0.9,1.1,No,No,GSO_36.1751_-79.7183_25_225,,,,,,1,,(),NO,No,0,NO,NO,-1,-1,2.72727,2.72727,,60,True,
PVSystem.pv_load_p1rlv3017,1,p1rlv3017.1.2,0.24,1,3,100,25,1,wye,0,2.72727,0.1,0.1,,,50,0,1,0.9,1.1,No,No,GSO_36.2120_-79.7183_15_90,,,,,,1,,(),NO,No,0,NO,NO,-1,-1,2.72727,2.72727,,60,True,
PVSystem.pv_load_p1rlv2813,1,p1rlv2813.1.2,0.24,1,3,100,25,1,wye,0,2.72727,0.1,0.1,,,50,0,1,0.9,1.1,No,No,GSO_36.2120_-79.7183_25_135,,,,,,1,,(),NO,No,0,NO,NO,-1,-1,2.72727,2.72727,,60,True,
PVSystem.pv_load_p1rlv3163,1,p1rlv3163.1.2,0.24,1,3,100,25,1,wye,0,2.72727,0.1,0.1,,,50,0,1,0.9,1.1,No,No,GSO_36.2120_-79.7183_35_225,,,,,,1,,(),NO,No,0,NO,NO,-1,-1,2.72727,2.72727,,60,True,
PVSystem.pv_load_p1rlv3663,1,p1rlv3663.1.2,0.24,1,3,100,25,1,wye,0,2.72727,0.1,0.1,,,50,0,1,0.9,1.1,No,No,GSO_36.1751_-79.7183_35_270,,,,,,1,,(),NO,No,0,NO,NO,-1,-1,2.72727,2.72727,,60,True,
PVSystem.pv_load_p1rlv3105,1,p1rlv3105.1.2,0.24,1,3,100,25,1,wye,0,2.72727,0.1,0.1,,,50,0,1,0.9,1.1,No,No,GSO_36.2120_-79.7183_15_270,,,,,,1,,(),NO,No,0,NO,NO,-1,-1,2.72727,2.72727,,60,True,
PVSystem.pv_load_p1rlv3052,1,p1rlv3052.1.2,0.24,1,3,100,25,1,wye,0,2.72727,0.1,0.1,,,50,0,1,0.9,1.1,No,No,GSO_36.2120_-79.7183_15_180,,,,,,1,,(),NO,No,0,NO,NO,-1,-1,2.72727,2.72727,,60,True,
PVSystem.pv_load_p1rlv3738,1,p1rlv3738.1.2,0.24,1,3,100,25,1,wye,0,2.72727,0.1,0.1,,,50,0,1,0.9,1.1,No,No,GSO_36.1751_-79.7183_15_135,,,,,,1,,(),NO,No,0,NO,NO,-1,-1,2.72727,2.72727,,60,True,
PVSystem.pv_load_p1rlv2662,1,p1rlv2662.1.2,0.24,1,3,100,25,1,wye,0,2.72727,0.1,0.1,,,50,0,1,0.9,1.1,No,No,GSO_36.2120_-79.7183_35_225,,,,,,1,,(),NO,No,0,NO,NO,-1,-1,2.72727,2.72727,,60,True,
PVSystem.pv_load_p1rlv3096,1,p1rlv3096.1.2,0.24,1,3,100,25,1,wye,0,2.72727,0.1,0.1,,,50,0,1,0.9,1.1,No,No,GSO_36.1751_-79.7183_25_135,,,,,,1,,(),NO,No,0,NO,NO,-1,-1,2.72727,2.72727,,60,True,
PVSystem.pv_load_p1rlv3759,1,p1rlv3759.1.2,0.24,1,3,100,25,1,wye,0,2.72727,0.1,0.1,,,50,0,1,0.9,1.1,No,No,GSO_36.1751_-79.7183_35_135,,,,,,1,,(),NO,No,0,NO,NO,-1,-1,2.72727,2.72727,,60,True,
PVSystem.pv_load_p1rlv5032,1,p1rlv5032.1.2,0.24,1,3,100,25,1,wye,0,2.72727,0.1,0.1,,,50,0,1,0.9,1.1,No,No,GSO_36.1751_-79.7183_45_225,,,,,,1,,(),NO,No,0,NO,NO,-1,-1,2.72727,2.72727,,60,True,
PVSystem.pv_load_p1rlv3151,1,p1rlv3151.1.2,0.24,1,3,100,25,1,wye,0,2.72727,0.1,0.1,,,50,0,1,0.9,1.1,No,No,GSO_36.2120_-79.7183_25_90,,,,,,1,,(),NO,No,0,NO,NO,-1,-1,2.72727,2.72727,,60,True,
PVSystem.pv_load_p1rlv3054,1,p1rlv3054.1.2,0.24,1,3,100,25,1,wye,0,2.72727,0.1,0.1,,,50,0,1,0.9,1.1,No,No,GSO_36.2120_-79.7183_35_225,,,,,,1,,(),NO,No,0,NO,NO,-1,-1,2.72727,2.72727,,60,True,
PVSystem.pv_load_p1rlv3108,1,p1rlv3108.1.2,0.24,1,3,100,25,1,wye,0,2.72727,0.1,0.1,,,50,0,1,0.9,1.1,No,No,GSO_36.2120_-79.7183_25_270,,,,,,1,,(),NO,No,0,NO,NO,-1,-1,2.72727,2.72727,,60,True,
PVSystem.pv_load_p1rlv2857,1,p1rlv2857.1.2,0.24,1,3,100,25,1,wye,0,2.72727,0.1,0.1,,,50,0,1,0.9,1.1,No,No,GSO_36.2120_-79.7183_15_135,,,,,,1,,(),NO,No,0,NO,NO,-1,-1,2.72727,2.72727,,60,True,
PVSystem.pv_load_p1rlv2711,1,p1rlv2711.1.2,0.24,1,3,100,25,1,wye,0,2.72727,0.1,0.1,,,50,0,1,0.9,1.1,No,No,GSO_36.2120_-79.7183_15_180,,,,,,1,,(),NO,No,0,NO,NO,-1,-1,2.72727,2.72727,,60,True,
PVSystem.pv_load_p1rlv3087,1,p1rlv3087.1.2,0.24,1,3,100,25,1,wye,0,2.72727,0.1,0.1,,,50,0,1,0.9,1.1,No,No,GSO_36.1751_-79.7183_25_270,,,,,,1,,(),NO,No,0,NO,NO,-1,-1,2.72727,2.72727,,60,True,
PVSystem.pv_load_p1rlv1939,1,p1rlv1939.1.2,0.24,1,3,100,25,1,wye,0,2.72727,0.1,0.1,,,50,0,1,0.9,1.1,No,No,GSO_36.2120_-79.7183_45_225,,,,,,1,,(),NO,No,0,NO,NO,-1,-1,2.72727,2.72727,,60,True,
PVSystem.pv_load_p1rlv1904,1,p1rlv1904.1.2,0.24,1,3,100,25,1,wye,0,2.72727,0.1,0.1,,,50,0,1,0.9,1.1,No,No,GSO_36.2489_-79.7183_35_90,,,,,,1,,(),NO,No,0,NO,NO,-1,-1,2.72727,2.72727,,60,True,
PVSystem.pv_load_p1rlv3156,1,p1rlv3156.1.2,0.24,1,3,100,25,1,wye,0,2.72727,0.1,0.1,,,50,0,1,0.9,1.1,No,No,GSO_36.2120_-79.7183_25_180,,,,,,1,,(),NO,No,0,NO,NO,-1,-1,2.72727,2.72727,,60,True,
PVSystem.pv_load_p1rlv3101,1,p1rlv3101.1.2,0.24,1,3,100,25,1,wye,0,2.72727,0.1,0.1,,,50,0,1,0.9,1.1,No,No,GSO_36.1751_-79.7183_45_270,,,,,,1,,(),NO,No,0,NO,NO,-1,-1,2.72727,2.72727,,60,True,
PVSystem.pv_load_p1rlv4402,1,p1rlv4402.1.2,0.24,1,3,100,25,1,wye,0,2.72727,0.1,0.1,,,50,0,1,0.9,1.1,No,No,GSO_36.1751_-79.7183_15_225,,,,,,1,,(),NO,No,0,NO,NO,-1,-1,2.72727,2.72727,,60,True,
PVSystem.pv_load_p1rlv1993,1,p1rlv1993.1.2,0.24,1,3,100,25,1,wye,0,2.72727,0.1,0.1,,,50,0,1,0.9,1.1,No,No,GSO_36.2120_-79.7183_35_225,,,,,,1,,(),NO,No,0,NO,NO,-1,-1,2.72727,2.72727,,60,True,
PVSystem.pv_load_p1rlv3219,1,p1rlv3219.1.2,0.24,1,3,100,25,1,wye,0,2.72727,0.1,0.1,,,50,0,1,0.9,1.1,No,No,GSO_36.1751_-79.7183_35_180,,,,,,1,,(),NO,No,0,NO,NO,-1,-1,2.72727,2.72727,,60,True,
PVSystem.pv_load_p1rlv1866,3,p1rlv1866.1.2.3,0.48,1,3,100,25,1,wye,0,2.72727,0.1,0.1,,,50,0,1,0.9,1.1,No,No,GSO_36.2120_-79.7183_15_225,,,,,,1,,(),NO,No,0,NO,NO,-1,-1,2.72727,2.72727,,60,True,
PVSystem.pv_load_p1rlv3778,1,p1rlv3778.1.2,0.24,1,3,100,25,1,wye,0,2.72727,0.1,0.1,,,50,0,1,0.9,1.1,No,No,GSO_36.1751_-79.7183_45_90,,,,,,1,,(),NO,No,0,NO,NO,-1,-1,2.72727,2.72727,,60,True,
PVSystem.pv_load_p1rlv3709,1,p1rlv3709.1.2,0.24,1,3,100,25,1,wye,0,2.72727,0.1,0.1,,,50,0,1,0.9,1.1,No,No,GSO_36.1751_-79.7183_35_270,,,,,,1,,(),NO,No,0,NO,NO,-1,-1,2.72727,2.72727,,60,True,
PVSystem.pv_load_p1rlv6070,1,p1rlv6070.1.2,0.24,1,3,100,25,1,wye,0,2.72727,0.1,0.1,,,50,0,1,0.9,1.1,No,No,GSO_36.1751_-79.7183_35_90,,,,,,1,,(),NO,No,0,NO,NO,-1,-1,2.72727,2.72727,,60,True,
PVSystem.pv_load_p1rlv3011,1,p1rlv3011.1.2,0.24,1,3,100,25,1,wye,0,2.72727,0.1,0.1,,,50,0,1,0.9,1.1,No,No,GSO_36.2120_-79.7183_25_135,,,,,,1,,(),NO,No,0,NO,NO,-1,-1,2.72727,2.72727,,60,True,
PVSystem.pv_load_p1rlv3138,1,p1rlv3138.1.2,0.24,1,3,100,25,1,wye,0,2.72727,0.1,0.1,,,50,0,1,0.9,1.1,No,No,GSO_36.2120_-79.7183_45_225,,,,,,1,,(),NO,No,0,NO,NO,-1,-1,2.72727,2.72727,,60,True,
PVSystem.pv_load_p1rlv3693,1,p1rlv3693.1.2,0.24,1,3,100,25,-0.95,wye,0,2.87081,0.1,0.1,,,50,0,1,0.9,1.1,No,No,GSO_36.1751_-79.7183_45_225,,,,,,1,,(),NO,No,0,NO,NO,-1,-1,2.87081,2.87081,,60,True,
PVSystem.pv_load_p1rlv3079,1,p1rlv3079.1.2,0.24,1,3,100,25,-0.95,wye,0,2.87081,0.1,0.1,,,50,0,1,0.9,1.1,No,No,GSO_36.2120_-79.7183_45_225,,,,,,1,,(),NO,No,0,NO,NO,-1,-1,2.87081,2.87081,,60,True,
PVSystem.pv_load_p1rlv3803,1,p1rlv3803.1.2,0.24,1,3,100,25,-0.95,wye,0,2.87081,0.1,0.1,,,50,0,1,0.9,1.1,No,No,GSO_36.1751_-79.7183_25_225,,,,,,1,,(),NO,No,0,NO,NO,-1,-1,2.87081,2.87081,,60,True,
PVSystem.pv_load_p1rlv2592,1,p1rlv2592.1.2,0.24,1,3,100,25,-0.95,wye,0,2.87081,0.1,0.1,,,50,0,1,0.9,1.1,No,No,GSO_36.2120_-79.7183_15_270,,,,,,1,,(),NO,No,0,NO,NO,-1,-1,2.87081,2.87081,,60,True,
PVSystem.pv_load_p1rlv3681,1,p1rlv3681.1.2,0.24,1,3,100,25,-0.95,wye,0,2.87081,0.1,0.1,,,50,0,1,0.9,1.1,No,No,GSO_36.1751_-79.7183_45_135,,,,,,1,,(),NO,No,0,NO,NO,-1,-1,2.87081,2.87081,,60,True,
PVSystem.pv_load_p1rlv2635,1,p1rlv2635.1.2,0.24,1,3,100,25,-0.95,wye,0,2.87081,0.1,0.1,,,50,0,1,0.9,1.1,No,No,GSO_36.2120_-79.7183_35_225,,,,,,1,,(),NO,No,0,NO,NO,-1,-1,2.87081,2.87081,,60,True,
PVSystem.pv_load_p1rlv3122,1,p1rlv3122.1.2,0.24,1,3,100,25,-0.95,wye,0,2.87081,0.1,0.1,,,50,0,1,0.9,1.1,No,No,GSO_36.2120_-79.7183_45_135,,,,,,1,,(),NO,No,0,NO,NO,-1,-1,2.87081,2.87081,,60,True,
PVSystem.pv_load_p1rlv2731,1,p1rlv2731.1.2,0.24,1,3,100,25,-0.95,wye,0,2.87081,0.1,0.1,,,50,0,1,0.9,1.1,No,No,GSO_36.2120_-79.7183_25_270,,,,,,1,,(),NO,No,0,NO,NO,-1,-1,2.87081,2.87081,,60,True,
PVSystem.pv_load_p1rlv3120,1,p1rlv3120.1.2,0.24,1,3,100,25,-0.95,wye,0,2.87081,0.1,0.1,,,50,0,1,0.9,1.1,No,No,GSO_36.2120_-79.7183_35_225,,,,,,1,,(),NO,No,0,NO,NO,-1,-1,2.87081,2.87081,,60,True,
PVSystem.pv_load_p1rlv2652,1,p1rlv2652.1.2,0.24,1,3,100,25,-0.95,wye,0,2.87081,0.1,0.1,,,50,0,1,0.9,1.1,No,No,GSO_36.2120_-79.7183_15_180,,,,,,1,,(),NO,No,0,NO,NO,-1,-1,2.87081,2.87081,,60,True,
PVSystem.pv_load_p1rlv2012,1,p1rlv2012.1.2,0.24,1,3,100,25,-0.95,wye,0,2.87081,0.1,0.1,,,50,0,1,0.9,1.1,No,No,GSO_36.2120_-79.7183_25_90,,,,,,1,,(),NO,No,0,NO,NO,-1,-1,2.87081,2.87081,,60,True,
PVSystem.pv_load_p1rlv6079,1,p1rlv6079.1.2,0.24,1,3,100,25,-0.95,wye,0,2.87081,0.1,0.1,,,50,0,1,0.9,1.1,No,No,GSO_36.1751_-79.7183_45_270,,,,,,1,,(),NO,No,0,NO,NO,-1,-1,2.87081,2.87081,,60,True,
PVSystem.pv_load_p1rlv2532,1,p1rlv2532.1.2,0.24,1,3,100,25,-0.95,wye,0,2.87081,0.1,0.1,,,50,0,1,0.9,1.1,No,No,GSO_36.2120_-79.7183_15_90,,,,,,1,,(),NO,No,0,NO,NO,-1,-1,2.87081,2.87081,,60,True,
PVSystem.pv_load_p1rlv3861,1,p1rlv3861.1.2,0.24,1,3,100,25,-0.95,wye,0,2.87081,0.1,0.1,,,50,0,1,0.9,1.1,No,No,GSO_36.1751_-79.7183_35_180,,,,,,1,,(),NO,No,0,NO,NO,-1,-1,2.87081,2.87081,,60,True,
PVSystem.pv_load_p1rlv3838,1,p1rlv3837.1.2,0.24,1,3,100,25,-0.95,wye,0,2.87081,0.1,0.1,,,50,0,1,0.9,1.1,No,No,GSO_36.1751_-79.7183_35_225,,,,,,1,,(),NO,No,0,NO,NO,-1,-1,2.87081,2.87081,,60,True,
PVSystem.pv_load_p1rlv1966,1,p1rlv1966.1.2,0.24,1,3,100,25,-0.95,wye,0,2.87081,0.1,0.1,,,50,0,1,0.9,1.1,No,No,GSO_36.2120_-79.7183_45_270,,,,,,1,,(),NO,No,0,NO,NO,-1,-1,2.87081,2.87081,,60,True,
PVSystem.pv_load_p1rlv3076,1,p1rlv3076.1.2,0.24,1,3,100,25,-0.95,wye,0,2.87081,0.1,0.1,,,50,0,1,0.9,1.1,No,No,GSO_36.2120_-79.7183_25_180,,,,,,1,,(),NO,No,0,NO,NO,-1,-1,2.87081,2.87081,,60,True,
PVSystem.pv_load_p1rlv2837,1,p1rlv2837.1.2,0.24,1,3,100,25,-0.95,wye,0,2.87081,0.1,0.1,,,50,0,1,0.9,1.1,No,No,GSO_36.2120_-79.7183_45_135,,,,,,1,,(),NO,No,0,NO,NO,-1,-1,2.87081,2.87081,,60,True,
PVSystem.pv_load_p1rlv1892,1,p1rlv1892.1.2,0.24,1,3,100,25,-0.95,wye,0,2.87081,0.1,0.1,,,50,0,1,0.9,1.1,No,No,GSO_36.2489_-79.7183_35_135,,,,,,1,,(),NO,No,0,NO,NO,-1,-1,2.87081,2.87081,,60,True,
PVSystem.pv_load_p1rlv2649,1,p1rlv2649.1.2,0.24,1,3,100,25,-0.95,wye,0,2.87081,0.1,0.1,,,50,0,1,0.9,1.1,No,No,GSO_36.2120_-79.7183_15_270,,,,,,1,,(),NO,No,0,NO,NO,-1,-1,2.87081,2.87081,,60,True,
PVSystem.pv_load_p1rlv1935,3,p1rlv1935.1.2.3,0.48,1,3,100,25,-0.95,wye,0,2.87081,0.1,0.1,,,50,0,1,0.9,1.1,No,No,GSO_36.2489_-79.7183_25_90,,,,,,1,,(),NO,No,0,NO,NO,-1,-1,2.87081,2.87081,,60,True,
PVSystem.pv_load_p1rlv3664,1,p1rlv3664.1.2,0.24,1,3,100,25,-0.95,wye,0,2.87081,0.1,0.1,,,50,0,1,0.9,1.1,No,No,GSO_36.1751_-79.7183_15_270,,,,,,1,,(),NO,No,0,NO,NO,-1,-1,2.87081,2.87081,,60,True,
PVSystem.pv_load_p1rlv2735,1,p1rlv2735.1.2,0.24,1,3,100,25,-0.95,wye,0,2.87081,0.1,0.1,,,50,0,1,0.9,1.1,No,No,GSO_36.2120_-79.7183_15_180,,,,,,1,,(),NO,No,0,NO,NO,-1,-1,2.87081,2.87081,,60,True,
PVSystem.pv_load_p1rlv2690,1,p1rlv2690.1.2,0.24,1,3,100,25,-0.95,wye,0,2.87081,0.1,0.1,,,50,0,1,0.9,1.1,No,No,GSO_36.2120_-79.7183_25_180,,,,,,1,,(),NO,No,0,NO,NO,-1,-1,2.87081,2.87081,,60,True,
PVSystem.pv_load_p1rlv3215,1,p1rlv3215.1.2,0.24,1,3,100,25,-0.95,wye,0,2.87081,0.1,0.1,,,50,0,1,0.9,1.1,No,No,GSO_36.1751_-79.7183_35_225,,,,,,1,,(),NO,No,0,NO,NO,-1,-1,2.87081,2.87081,,60,True,
PVSystem.pv_load_p1rlv2863,1,p1rlv2863.1.2,0.24,1,3,100,25,-0.95,wye,0,2.87081,0.1,0.1,,,50,0,1,0.9,1.1,No,No,GSO_36.2120_-79.7183_25_225,,,,,,1,,(),NO,No,0,NO,NO,-1,-1,2.87081,2.87081,,60,True,
PVSystem.pv_load_p1rlv3131,1,p1rlv3131.1.2,0.24,1,3,100,25,-0.95,wye,0,2.87081,0.1,0.1,,,50,0,1,0.9,1.1,No,No,GSO_36.2120_-79.7183_25_135,,,,,,1,,(),NO,No,0,NO,NO,-1,-1,2.87081,2.87081,,60,True,
PVSystem.pv_load_p1rlv2669,1,p1rlv2669.1.2,0.24,1,3,100,25,-0.95,wye,0,2.87081,0.1,0.1,,,50,0,1,0.9,1.1,No,No,GSO_36.2120_-79.7183_35_135,,,,,,1,,(),NO,No,0,NO,NO,-1,-1,2.87081,2.87081,,60,True,
PVSystem.pv_load_p1rlv2894,1,p1rlv2894.1.2,0.24,1,3,100,25,-0.95,wye,0,2.87081,0.1,0.1,,,50,0,1,0.9,1.1,No,No,GSO_36.2120_-79.7183_15_225,,,,,,1,,(),NO,No,0,NO,NO,-1,-1,2.87081,2.87081,,60,True,
PVSystem.pv_load_p1rlv1961,1,p1rlv1961.1.2,0.24,1,3,100,25,-0.95,wye,0,2.87081,0.1,0.1,,,50,0,1,0.9,1.1,No,No,GSO_36.2120_-79.7183_25_180,,,,,,1,,(),NO,No,0,NO,NO,-1,-1,2.87081,2.87081,,60,True,
PVSystem.pv_load_p1rlv1918,1,p1rlv1918.1.2,0.24,1,3,100,25,-0.95,wye,0,2.87081,0.1,0.1,,,50,0,1,0.9,1.1,No,No,GSO_36.2489_-79.7183_35_180,,,,,,1,,(),NO,No,0,NO,NO,-1,-1,2.87081,2.87081,,60,True,
PVSystem.pv_load_p1rlv3109,1,p1rlv3109.1.2,0.24,1,3,100,25,-0.95,wye,0,2.87081,0.1,0.1,,,50,0,1,0.9,1.1,No,No,GSO_36.2120_-79.7183_25_135,,,,,,1,,(),NO,No,0,NO,NO,-1,-1,2.87081,2.87081,,60,True,
PVSystem.pv_load_p1rlv5253,1,p1rlv5253.1.2,0.24,1,3,100,25,-0.95,wye,0,2.87081,0.1,0.1,,,50,0,1,0.9,1.1,No,No,GSO_36.1751_-79.7183_35_90,,,,,,1,,(),NO,No,0,NO,NO,-1,-1,2.87081,2.87081,,60,True,
PVSystem.pv_load_p1rlv5251,1,p1rlv5251.1.2,0.24,1,3,100,25,-0.95,wye,0,2.87081,0.1,0.1,,,50,0,1,0.9,1.1,No,No,GSO_36.1751_-79.7183_25_90,,,,,,1,,(),NO,No,0,NO,NO,-1,-1,2.87081,2.87081,,60,True,
PVSystem.pv_load_p1rlv2835,1,p1rlv2835.1.2,0.24,1,3,100,25,-0.95,wye,0,2.87081,0.1,0.1,,,50,0,1,0.9,1.1,No,No,GSO_36.2120_-79.7183_45_90,,,,,,1,,(),NO,No,0,NO,NO,-1,-1,2.87081,2.87081,,60,True,
PVSystem.pv_load_p1rlv2661,1,p1rlv2661.1.2,0.24,1,3,100,25,-0.95,wye,0,2.87081,0.1,0.1,,,50,0,1,0.9,1.1,No,No,GSO_36.2120_-79.7183_15_135,,,,,,1,,(),NO,No,0,NO,NO,-1,-1,2.87081,2.87081,,60,True,
PVSystem.pv_load_p1rlv5234,1,p1rlv5234.1.2,0.24,1,3,100,25,-0.95,wye,0,2.87081,0.1,0.1,,,50,0,1,0.9,1.1,No,No,GSO_36.1751_-79.7183_45_135,,,,,,1,,(),NO,No,0,NO,NO,-1,-1,2.87081,2.87081,,60,True,
PVSystem.pv_load_p1rlv3874,1,p1rlv3874.1.2,0.24,1,3,100,25,-0.95,wye,0,2.87081,0.1,0.1,,,50,0,1,0.9,1.1,No,No,GSO_36.1751_-79.7183_45_90,,,,,,1,,(),NO,No,0,NO,NO,-1,-1,2.87081,2.87081,,60,True,
PVSystem.pv_load_p1rlv2565,1,p1rlv2565.1.2,0.24,1,3,100,25,-0.95,wye,0,2.87081,0.1,0.1,,,50,0,1,0.9,1.1,No,No,GSO_36.2120_-79.7183_25_180,,,,,,1,,(),NO,No,0,NO,NO,-1,-1,2.87081,2.87081,,60,True,
PVSystem.pv_load_p1rlv3841,1,p1rlv3841.1.2,0.24,1,3,100,25,-0.95,wye,0,2.87081,0.1,0.1,,,50,0,1,0.9,1.1,No,No,GSO_36.1751_-79.7183_25_270,,,,,,1,,(),NO,No,0,NO,NO,-1,-1,2.87081,2.87081,,60,True,
PVSystem.pv_load_p1rlv3876,1,p1rlv3876.1.2,0.24,1,3,100,25,-0.95,wye,0,2.87081,0.1,0.1,,,50,0,1,0.9,1.1,No,No,GSO_36.1751_-79.7183_35_180,,,,,,1,,(),NO,No,0,NO,NO,-1,-1,2.87081,2.87081,,60,True,
PVSystem.pv_load_p1rlv2751,1,p1rlv2751.1.2,0.24,1,3,100,25,-0.95,wye,0,2.87081,0.1,0.1,,,50,0,1,0.9,1.1,No,No,GSO_36.2120_-79.7183_35_135,,,,,,1,,(),NO,No,0,NO,NO,-1,-1,2.87081,2.87081,,60,True,
PVSystem.pv_load_p1rlv3716,1,p1rlv3716.1.2,0.24,1,3,100,25,-0.95,wye,0,2.87081,0.1,0.1,,,50,0,1,0.9,1.1,No,No,GSO_36.1751_-79.7183_15_225,,,,,,1,,(),NO,No,0,NO,NO,-1,-1,2.87081,2.87081,,60,True,
PVSystem.pv_load_p1rlv1872,1,p1rlv1872.1.2,0.24,1,3,100,25,-0.95,wye,0,2.87081,0.1,0.1,,,50,0,1,0.9,1.1,No,No,GSO_36.2120_-79.7183_35_180,,,,,,1,,(),NO,No,0,NO,NO,-1,-1,2.87081,2.87081,,60,True,
PVSystem.pv_load_p1rlv2738,1,p1rlv2738.1.2,0.24,1,3,100,25,-0.95,wye,0,2.87081,0.1,0.1,,,50,0,1,0.9,1.1,No,No,GSO_36.2120_-79.7183_15_270,,,,,,1,,(),NO,No,0,NO,NO,-1,-1,2.87081,2.87081,,60,True,
PVSystem.pv_load_p1rlv2770,1,p1rlv2770.1.2,0.24,1,3,100,25,-0.95,wye,0,2.87081,0.1,0.1,,,50,0,1,0.9,1.1,No,No,GSO_36.2120_-79.7183_35_135,,,,,,1,,(),NO,No,0,NO,NO,-1,-1,2.87081,2.87081,,60,True,
PVSystem.pv_load_p1rlv3147,1,p1rlv3147.1.2,0.24,1,3,100,25,-0.95,wye,0,2.87081,0.1,0.1,,,50,0,1,0.9,1.1,No,No,GSO_36.2120_-79.7183_15_270,,,,,,1,,(),NO,No,0,NO,NO,-1,-1,2.87081,2.87081,,60,True,
PVSystem.pv_load_p1rlv3114,1,p1rlv3114.1.2,0.24,1,3,100,25,-0.95,wye,0,2.87081,0.1,0.1,,,50,0,1,0.9,1.1,No,No,GSO_36.2120_-79.7183_25_270,,,,,,1,,(),NO,No,0,NO,NO,-1,-1,2.87081,2.87081,,60,True,
PVSystem.pv_load_p1rlv2020,1,p1rlv2020.1.2,0.24,1,3,100,25,-0.95,wye,0,2.87081,0.1,0.1,,,50,0,1,0.9,1.1,No,No,GSO_36.2120_-79.7183_45_270,,,,,,1,,(),NO,No,0,NO,NO,-1,-1,2.87081,2.87081,,60,True,
PVSystem.pv_load_p1rlv3097,1,p1rlv3097.1.2,0.24,1,3,100,25,-0.95,wye,0,2.87081,0.1,0.1,,,50,0,1,0.9,1.1,No,No,GSO_36.1751_-79.7183_45_135,,,,,,1,,(),NO,No,0,NO,NO,-1,-1,2.87081,2.87081,,60,True,
PVSystem.pv_load_p1rlv3132,1,p1rlv3132.1.2,0.24,1,3,100,25,-0.95,wye,0,2.87081,0.1,0.1,,,50,0,1,0.9,1.1,No,No,GSO_36.2120_-79.7183_25_180,,,,,,1,,(),NO,No,0,NO,NO,-1,-1,2.87081,2.87081,,60,True,
PVSystem.pv_load_p1rlv3692,1,p1rlv3692.1.2,0.24,1,3,100,25,-0.95,wye,0,2.87081,0.1,0.1,,,50,0,1,0.9,1.1,No,No,GSO_36.1751_-79.7183_25_270,,,,,,1,,(),NO,No,0,NO,NO,-1,-1,2.87081,2.87081,,60,True,
PVSystem.pv_load_p1rlv2722,1,p1rlv2722.1.2,0.24,1,3,100,25,-0.95,wye,0,2.87081,0.1,0.1,,,50,0,1,0.9,1.1,No,No,GSO_36.2120_-79.7183_25_225,,,,,,1,,(),NO,No,0,NO,NO,-1,-1,2.87081,2.87081,,60,True,
PVSystem.pv_load_p1rlv2549,1,p1rlv2549.1.2,0.24,1,3,100,25,-0.95,wye,0,2.87081,0.1,0.1,,,50,0,1,0.9,1.1,No,No,GSO_36.2120_-79.7183_35_270,,,,,,1,,(),NO,No,0,NO,NO,-1,-1,2.87081,2.87081,,60,True,
PVSystem.pv_load_p1rlv3023,1,p1rlv3023.1.2,0.24,1,3,100,25,-0.95,wye,0,2.87081,0.1,0.1,,,50,0,1,0.9,1.1,No,No,GSO_36.2120_-79.7183_35_90,,,,,,1,,(),NO,No,0,NO,NO,-1,-1,2.87081,2.87081,,60,True,
PVSystem.pv_load_p1rlv2647,1,p1rlv2647.1.2,0.24,1,3,100,25,-0.95,wye,0,2.87081,0.1,0.1,,,50,0,1,0.9,1.1,No,No,GSO_36.2120_-79.7183_15_135,,,,,,1,,(),NO,No,0,NO,NO,-1,-1,2.87081,2.87081,,60,True,
PVSystem.pv_load_p1rlv5266,1,p1rlv5266.1.2,0.24,1,3,100,25,-0.95,wye,0,2.87081,0.1,0.1,,,50,0,1,0.9,1.1,No,No,GSO_36.1751_-79.7183_15_135,,,,,,1,,(),NO,No,0,NO,NO,-1,-1,2.87081,2.87081,,60,True,
PVSystem.pv_load_p1rlv3814,1,p1rlv3814.1.2,0.24,1,3,100,25,-0.95,wye,0,2.87081,0.1,0.1,,,50,0,1,0.9,1.1,No,No,GSO_36.1751_-79.7183_25_225,,,,,,1,,(),NO,No,0,NO,NO,-1,-1,2.87081,2.87081,,60,True,
PVSystem.pv_load_p1rlv2021,1,p1rlv2021.1.2,0.24,1,3,100,25,-0.95,wye,0,2.87081,0.1,0.1,,,50,0,1,0.9,1.1,No,No,GSO_36.2120_-79.7183_45_90,,,,,,1,,(),NO,No,0,NO,NO,-1,-1,2.87081,2.87081,,60,True,
PVSystem.pv_load_p1rlv3720,1,p1rlv3720.1.2,0.24,1,3,100,25,-0.95,wye,0,2.87081,0.1,0.1,,,50,0,1,0.9,1.1,No,No,GSO_36.1751_-79.7183_35_90,,,,,,1,,(),NO,No,0,NO,NO,-1,-1,2.87081,2.87081,,60,True,
PVSystem.pv_load_p1rlv3208,1,p1rlv3208.1.2,0.24,1,3,100,25,-0.95,wye,0,2.87081,0.1,0.1,,,50,0,1,0.9,1.1,No,No,GSO_36.1751_-79.7183_15_135,,,,,,1,,(),NO,No,0,NO,NO,-1,-1,2.87081,2.87081,,60,True,
PVSystem.pv_load_p1rlv2693,1,p1rlv2693.1.2,0.24,1,3,100,25,-0.95,wye,0,2.87081,0.1,0.1,,,50,0,1,0.9,1.1,No,No,GSO_36.2120_-79.7183_25_90,,,,,,1,,(),NO,No,0,NO,NO,-1,-1,2.87081,2.87081,,60,True,
PVSystem.pv_load_p1rlv2833,1,p1rlv2833.1.2,0.24,1,3,100,25,-0.95,wye,0,2.87081,0.1,0.1,,,50,0,1,0.9,1.1,No,No,GSO_36.2120_-79.7183_45_270,,,,,,1,,(),NO,No,0,NO,NO,-1,-1,2.87081,2.87081,,60,True,
PVSystem.pv_load_p1rlv2001,1,p1rlv2001.1.2,0.24,1,3,100,25,-0.95,wye,0,2.87081,0.1,0.1,,,50,0,1,0.9,1.1,No,No,GSO_36.2489_-79.7183_35_135,,,,,,1,,(),NO,No,0,NO,NO,-1,-1,2.87081,2.87081,,60,True,
PVSystem.pv_load_p1rlv2694,1,p1rlv2694.1.2,0.24,1,3,100,25,-0.95,wye,0,2.87081,0.1,0.1,,,50,0,1,0.9,1.1,No,No,GSO_36.2120_-79.7183_25_270,,,,,,1,,(),NO,No,0,NO,NO,-1,-1,2.87081,2.87081,,60,True,
PVSystem.pv_load_p1rlv2752,1,p1rlv2752.1.2,0.24,1,3,100,25,-0.95,wye,0,2.87081,0.1,0.1,,,50,0,1,0.9,1.1,No,No,GSO_36.2120_-79.7183_25_135,,,,,,1,,(),NO,No,0,NO,NO,-1,-1,2.87081,2.87081,,60,True,
PVSystem.pv_load_p1rlv1970,1,p1rlv1970.1.2,0.24,1,3,100,25,-0.95,wye,0,2.87081,0.1,0.1,,,50,0,1,0.9,1.1,No,No,GSO_36.2120_-79.7183_25_90,,,,,,1,,(),NO,No,0,NO,NO,-1,-1,2.87081,2.87081,,60,True,
PVSystem.pv_load_p1rlv5241,1,p1rlv5241.1.2,0.24,1,3,100,25,-0.95,wye,0,2.87081,0.1,0.1,,,50,0,1,0.9,1.1,No,No,GSO_36.1751_-79.7183_45_180,,,,,,1,,(),NO,No,0,NO,NO,-1,-1,2.87081,2.87081,,60,True,
PVSystem.pv_load_p1rlv3694,1,p1rlv3694.1.2,0.24,1,3,100,25,-0.95,wye,0,2.87081,0.1,0.1,,,50,0,1,0.9,1.1,No,No,GSO_36.1751_-79.7183_35_90,,,,,,1,,(),NO,No,0,NO,NO,-1,-1,2.87081,2.87081,,60,True,
PVSystem.pv_load_p1rlv3262,1,p1rlv3262.1.2,0.24,1,3,100,25,-0.95,wye,0,2.87081,0.1,0.1,,,50,0,1,0.9,1.1,No,No,GSO_36.2120_-79.7183_35_135,,,,,,1,,(),NO,No,0,NO,NO,-1,-1,2.87081,2.87081,,60,True,
PVSystem.pv_load_p1rlv6069,1,p1rlv6069.1.2,0.24,1,3,100,25,-0.95,wye,0,2.87081,0.1,0.1,,,50,0,1,0.9,1.1,No,No,GSO_36.1751_-79.7183_15_270,,,,,,1,,(),NO,No,0,NO,NO,-1,-1,2.87081,2.87081,,60,True,
PVSystem.pv_load_p1rlv5243,1,p1rlv5243.1.2,0.24,1,3,100,25,-0.95,wye,0,2.87081,0.1,0.1,,,50,0,1,0.9,1.1,No,No,GSO_36.1751_-79.7183_45_225,,,,,,1,,(),NO,No,0,NO,NO,-1,-1,2.87081,2.87081,,60,True,
PVSystem.pv_load_p1rlv3206,1,p1rlv3206.1.2,0.24,1,3,100,25,-0.95,wye,0,2.87081,0.1,0.1,,,50,0,1,0.9,1.1,No,No,GSO_36.1751_-79.7183_45_90,,,,,,1,,(),NO,No,0,NO,NO,-1,-1,2.87081,2.87081,,60,True,
PVSystem.pv_load_p1rlv5260,1,p1rlv5260.1.2,0.24,1,3,100,25,-0.95,wye,0,2.87081,0.1,0.1,,,50,0,1,0.9,1.1,No,No,GSO_36.1751_-79.7183_15_135,,,,,,1,,(),NO,No,0,NO,NO,-1,-1,2.87081,2.87081,,60,True,
PVSystem.pv_load_p1rlv2708,1,p1rlv2708.1.2,0.24,1,3,100,25,-0.95,wye,0,2.87081,0.1,0.1,,,50,0,1,0.9,1.1,No,No,GSO_36.2120_-79.7183_25_135,,,,,,1,,(),NO,No,0,NO,NO,-1,-1,2.87081,2.87081,,60,True,
PVSystem.pv_load_p1rlv3669,1,p1rlv3669.1.2,0.24,1,3,100,25,-0.95,wye,0,2.87081,0.1,0.1,,,50,0,1,0.9,1.1,No,No,GSO_36.1751_-79.7183_15_90,,,,,,1,,(),NO,No,0,NO,NO,-1,-1,2.87081,2.87081,,60,True,
PVSystem.pv_load_p1rlv3082,1,p1rlv3082.1.2,0.24,1,3,100,25,-0.95,wye,0,2.87081,0.1,0.1,,,50,0,1,0.9,1.1,No,No,GSO_36.1751_-79.7183_35_90,,,,,,1,,(),NO,No,0,NO,NO,-1,-1,2.87081,2.87081,,60,True,
PVSystem.pv_load_p1rlv3150,1,p1rlv3150.1.2,0.24,1,3,100,25,-0.95,wye,0,2.87081,0.1,0.1,,,50,0,1,0.9,1.1,No,No,GSO_36.2120_-79.7183_45_135,,,,,,1,,(),NO,No,0,NO,NO,-1,-1,2.87081,2.87081,,60,True,
PVSystem.pv_load_p1rlv3160,1,p1rlv3160.1.2,0.24,1,3,100,25,-0.95,wye,0,2.87081,0.1,0.1,,,50,0,1,0.9,1.1,No,No,GSO_36.2120_-79.7183_45_270,,,,,,1,,(),NO,No,0,NO,NO,-1,-1,2.87081,2.87081,,60,True,
PVSystem.pv_load_p1rlv5034,1,p1rlv5034.1.2,0.24,1,3,100,25,-0.95,wye,0,2.87081,0.1,0.1,,,50,0,1,0.9,1.1,No,No,GSO_36.1751_-79.7183_15_135,,,,,,1,,(),NO,No,0,NO,NO,-1,-1,2.87081,2.87081,,60,True,
PVSystem.pv_load_p1rlv2786,1,p1rlv2786.1.2,0.24,1,3,100,25,-0.95,wye,0,2.87081,0.1,0.1,,,50,0,1,0.9,1.1,No,No,GSO_36.2120_-79.7183_15_270,,,,,,1,,(),NO,No,0,NO,NO,-1,-1,2.87081,2.87081,,60,True,
PVSystem.pv_load_p1rlv2572,1,p1rlv2572.1.2,0.24,1,3,100,25,-0.95,wye,0,2.87081,0.1,0.1,,,50,0,1,0.9,1.1,No,No,GSO_36.2120_-79.7183_15_180,,,,,,1,,(),NO,No,0,NO,NO,-1,-1,2.87081,2.87081,,60,True,
PVSystem.pv_load_p1rlv6080,1,p1rlv6080.1.2,0.24,1,3,100,25,-0.95,wye,0,2.87081,0.1,0.1,,,50,0,1,0.9,1.1,No,No,GSO_36.1751_-79.7183_15_270,,,,,,1,,(),NO,No,0,NO,NO,-1,-1,2.87081,2.87081,,60,True,
PVSystem.pv_load_p1rlv1988,1,p1rlv1988.1.2,0.24,1,3,100,25,-0.95,wye,0,2.87081,0.1,0.1,,,50,0,1,0.9,1.1,No,No,GSO_36.2120_-79.7183_15_180,,,,,,1,,(),NO,No,0,NO,NO,-1,-1,2.87081,2.87081,,60,True,
PVSystem.pv_load_p1rlv3672,1,p1rlv3672.1.2,0.24,1,3,100,25,-0.95,wye,0,2.87081,0.1,0.1,,,50,0,1,0.9,1.1,No,No,GSO_36.1751_-79.7183_25_90,,,,,,1,,(),NO,No,0,NO,NO,-1,-1,2.87081,2.87081,,60,True,
PVSystem.pv_load_p1rlv3100,1,p1rlv3100.1.2,0.24,1,3,100,25,-0.95,wye,0,2.87081,0.1,0.1,,,50,0,1,0.9,1.1,No,No,GSO_36.1751_-79.7183_25_90,,,,,,1,,(),NO,No,0,NO,NO,-1,-1,2.87081,2.87081,,60,True,
PVSystem.pv_load_p1rlv3068,1,p1rlv3068.1.2,0.24,1,3,100,25,-0.95,wye,0,2.87081,0.1,0.1,,,50,0,1,0.9,1.1,No,No,GSO_36.2120_-79.7183_35_180,,,,,,1,,(),NO,No,0,NO,NO,-1,-1,2.87081,2.87081,,60,True,
PVSystem.pv_load_p1rlv1919,1,p1rlv1919.1.2,0.24,1,3,100,25,-0.95,wye,0,2.87081,0.1,0.1,,,50,0,1,0.9,1.1,No,No,GSO_36.2489_-79.7183_25_90,,,,,,1,,(),NO,No,0,NO,NO,-1,-1,2.87081,2.87081,,60,True,
PVSystem.pv_load_p1rlv3856,1,p1rlv3856.1.2,0.24,1,3,100,25,-0.95,wye,0,2.87081,0.1,0.1,,,50,0,1,0.9,1.1,No,No,GSO_36.1751_-79.7183_45_225,,,,,,1,,(),NO,No,0,NO,NO,-1,-1,2.87081,2.87081,,60,True,
PVSystem.pv_load_p1rlv3816,1,p1rlv3816.1.2,0.24,1,3,100,25,-0.95,wye,0,2.87081,0.1,0.1,,,50,0,1,0.9,1.1,No,No,GSO_36.1751_-79.7183_45_135,,,,,,1,,(),NO,No,0,NO,NO,-1,-1,2.87081,2.87081,,60,True,
PVSystem.pv_load_p1rlv3680,1,p1rlv3680.1.2,0.24,1,3,100,25,-0.95,wye,0,2.87081,0.1,0.1,,,50,0,1,0.9,1.1,No,No,GSO_36.1751_-79.7183_35_135,,,,,,1,,(),NO,No,0,NO,NO,-1,-1,2.87081,2.87081,,60,True,
PVSystem.pv_load_p1rlv3685,1,p1rlv3685.1.2,0.24,1,3,100,25,-0.95,wye,0,2.87081,0.1,0.1,,,50,0,1,0.9,1.1,No,No,GSO_36.1751_-79.7183_35_225,,,,,,1,,(),NO,No,0,NO,NO,-1,-1,2.87081,2.87081,,60,True,
PVSystem.pv_load_p1rlv2823,1,p1rlv2823.1.2,0.24,1,3,100,25,-0.95,wye,0,2.87081,0.1,0.1,,,50,0,1,0.9,1.1,No,No,GSO_36.2120_-79.7183_35_270,,,,,,1,,(),NO,No,0,NO,NO,-1,-1,2.87081,2.87081,,60,True,
PVSystem.pv_load_p1rlv3211,1,p1rlv3211.1.2,0.24,1,3,100,25,-0.95,wye,0,2.87081,0.1,0.1,,,50,0,1,0.9,1.1,No,No,GSO_36.1751_-79.7183_15_225,,,,,,1,,(),NO,No,0,NO,NO,-1,-1,2.87081,2.87081,,60,True,
PVSystem.pv_load_p1rlv3765,1,p1rlv3765.1.2,0.24,1,3,100,25,-0.95,wye,0,2.87081,0.1,0.1,,,50,0,1,0.9,1.1,No,No,GSO_36.1751_-79.7183_25_90,,,,,,1,,(),NO,No,0,NO,NO,-1,-1,2.87081,2.87081,,60,True,
PVSystem.pv_load_p1rlv3821,1,p1rlv3821.1.2,0.24,1,3,100,25,-0.95,wye,0,2.87081,0.1,0.1,,,50,0,1,0.9,1.1,No,No,GSO_36.1751_-79.7183_35_225,,,,,,1,,(),NO,No,0,NO,NO,-1,-1,2.87081,2.87081,,60,True,
PVSystem.pv_load_p1rlv2719,1,p1rlv2719.1.2,0.24,1,3,100,25,-0.95,wye,0,2.87081,0.1,0.1,,,50,0,1,0.9,1.1,No,No,GSO_36.2120_-79.7183_35_225,,,,,,1,,(),NO,No,0,NO,NO,-1,-1,2.87081,2.87081,,60,True,
PVSystem.pv_load_p1rlv3698,1,p1rlv3698.1.2,0.24,1,3,100,25,-0.95,wye,0,2.87081,0.1,0.1,,,50,0,1,0.9,1.1,No,No,GSO_36.1751_-79.7183_15_90,,,,,,1,,(),NO,No,0,NO,NO,-1,-1,2.87081,2.87081,,60,True,
PVSystem.pv_load_p1rlv2757,1,p1rlv2757.1.2,0.24,1,3,100,25,-0.95,wye,0,2.87081,0.1,0.1,,,50,0,1,0.9,1.1,No,No,GSO_36.2120_-79.7183_35_225,,,,,,1,,(),NO,No,0,NO,NO,-1,-1,2.87081,2.87081,,60,True,
PVSystem.pv_load_p1rlv5057,1,p1rlv5057.1.2,0.24,1,3,100,25,-0.95,wye,0,2.87081,0.1,0.1,,,50,0,1,0.9,1.1,No,No,GSO_36.1751_-79.7183_15_180,,,,,,1,,(),NO,No,0,NO,NO,-1,-1,2.87081,2.87081,,60,True,
PVSystem.pv_load_p1rlv1968,1,p1rlv1968.1.2,0.24,1,3,100,25,-0.95,wye,0,2.87081,0.1,0.1,,,50,0,1,0.9,1.1,No,No,GSO_36.2120_-79.7183_35_270,,,,,,1,,(),NO,No,0,NO,NO,-1,-1,2.87081,2.87081,,60,True,
PVSystem.pv_load_p1rlv3077,1,p1rlv3077.1.2,0.24,1,3,100,25,-0.95,wye,0,2.87081,0.1,0.1,,,50,0,1,0.9,1.1,No,No,GSO_36.2120_-79.7183_45_135,,,,,,1,,(),NO,No,0,NO,NO,-1,-1,2.87081,2.87081,,60,True,
PVSystem.pv_load_p1rlv2777,1,p1rlv2777.1.2,0.24,1,3,100,25,-0.95,wye,0,2.87081,0.1,0.1,,,50,0,1,0.9,1.1,No,No,GSO_36.2120_-79.7183_45_270,,,,,,1,,(),NO,No,0,NO,NO,-1,-1,2.87081,2.87081,,60,True,
PVSystem.pv_load_p1rlv2650,1,p1rlv2650.1.2,0.24,1,3,100,25,-0.95,wye,0,2.87081,0.1,0.1,,,50,0,1,0.9,1.1,No,No,GSO_36.2120_-79.7183_35_135,,,,,,1,,(),NO,No,0,NO,NO,-1,-1,2.87081,2.87081,,60,True,
PVSystem.pv_load_p1rlv3858,1,p1rlv3858.1.2,0.24,1,3,100,25,-0.95,wye,0,2.87081,0.1,0.1,,,50,0,1,0.9,1.1,No,No,GSO_36.1751_-79.7183_25_180,,,,,,1,,(),NO,No,0,NO,NO,-1,-1,2.87081,2.87081,,60,True,
PVSystem.pv_load_p1rlv3018,1,p1rlv3018.1.2,0.24,1,3,100,25,-0.95,wye,0,2.87081,0.1,0.1,,,50,0,1,0.9,1.1,No,No,GSO_36.2120_-79.7183_25_180,,,,,,1,,(),NO,No,0,NO,NO,-1,-1,2.87081,2.87081,,60,True,
PVSystem.pv_load_p1rlv4413,1,p1rlv4413.1.2,0.24,1,3,100,25,-0.95,wye,0,2.87081,0.1,0.1,,,50,0,1,0.9,1.1,No,No,GSO_36.1751_-79.7183_15_225,,,,,,1,,(),NO,No,0,NO,NO,-1,-1,2.87081,2.87081,,60,True,
PVSystem.pv_load_p1rlv2646,1,p1rlv2646.1.2,0.24,1,3,100,25,-0.95,wye,0,2.87081,0.1,0.1,,,50,0,1,0.9,1.1,No,No,GSO_36.2120_-79.7183_15_135,,,,,,1,,(),NO,No,0,NO,NO,-1,-1,2.87081,2.87081,,60,True,
PVSystem.pv_load_p1rlv3214,1,p1rlv3214.1.2,0.24,1,3,100,25,-0.95,wye,0,2.87081,0.1,0.1,,,50,0,1,0.9,1.1,No,No,GSO_36.1751_-79.7183_25_270,,,,,,1,,(),NO,No,0,NO,NO,-1,-1,2.87081,2.87081,,60,True,
PVSystem.pv_load_p1rlv4407,1,p1rlv4407.1.2,0.24,1,3,100,25,-0.95,wye,0,2.87081,0.1,0.1,,,50,0,1,0.9,1.1,No,No,GSO_36.1751_-79.7183_25_90,,,,,,1,,(),NO,No,0,NO,NO,-1,-1,2.87081,2.87081,,60,True,
PVSystem.pv_load_p1rlv2734,1,p1rlv2734.1.2,0.24,1,3,100,25,-0.95,wye,0,2.87081,0.1,0.1,,,50,0,1,0.9,1.1,No,No,GSO_36.2120_-79.7183_35_270,,,,,,1,,(),NO,No,0,NO,NO,-1,-1,2.87081,2.87081,,60,True,
PVSystem.pv_load_p1rlv2587,1,p1rlv2587.1.2,0.24,1,3,100,25,-0.95,wye,0,2.87081,0.1,0.1,,,50,0,1,0.9,1.1,No,No,GSO_36.2120_-79.7183_45_90,,,,,,1,,(),NO,No,0,NO,NO,-1,-1,2.87081,2.87081,,60,True,
PVSystem.pv_load_p1rlv1931,1,p1rlv1931.1.2,0.24,1,3,100,25,-0.95,wye,0,2.87081,0.1,0.1,,,50,0,1,0.9,1.1,No,No,GSO_36.2489_-79.7183_15_135,,,,,,1,,(),NO,No,0,NO,NO,-1,-1,2.87081,2.87081,,60,True,
PVSystem.pv_load_p1rlv3726,1,p1rlv3726.1.2,0.24,1,3,100,25,-0.95,wye,0,2.87081,0.1,0.1,,,50,0,1,0.9,1.1,No,No,GSO_36.1751_-79.7183_35_225,,,,,,1,,(),NO,No,0,NO,NO,-1,-1,2.87081,2.87081,,60,True,
PVSystem.pv_load_p1rlv1361,1,p1rlv1361.1.2,0.24,1,3,100,25,-0.95,wye,0,2.87081,0.1,0.1,,,50,0,1,0.9,1.1,No,No,GSO_36.2489_-79.7183_45_135,,,,,,1,,(),NO,No,0,NO,NO,-1,-1,2.87081,2.87081,,60,True,
PVSystem.pv_load_p1rlv2705,1,p1rlv2705.1.2,0.24,1,3,100,25,-0.95,wye,0,2.87081,0.1,0.1,,,50,0,1,0.9,1.1,No,No,GSO_36.2120_-79.7183_45_135,,,,,,1,,(),NO,No,0,NO,NO,-1,-1,2.87081,2.87081,,60,True,
PVSystem.pv_load_p1rlv3038,1,p1rlv3038.1.2,0.24,1,3,100,25,-0.95,wye,0,2.87081,0.1,0.1,,,50,0,1,0.9,1.1,No,No,GSO_36.2120_-79.7183_45_225,,,,,,1,,(),NO,No,0,NO,NO,-1,-1,2.87081,2.87081,,60,True,
PVSystem.pv_load_p1rlv2524,1,p1rlv2524.1.2,0.24,1,3,100,25,-0.95,wye,0,2.87081,0.1,0.1,,,50,0,1,0.9,1.1,No,No,GSO_36.2120_-79.7183_35_135,,,,,,1,,(),NO,No,0,NO,NO,-1,-1,2.87081,2.87081,,60,True,
PVSystem.pv_load_p1rlv2891,1,p1rlv2891.1.2,0.24,1,3,100,25,-0.95,wye,0,2.87081,0.1,0.1,,,50,0,1,0.9,1.1,No,No,GSO_36.2120_-79.7183_35_225,,,,,,1,,(),NO,No,0,NO,NO,-1,-1,2.87081,2.87081,,60,True,
PVSystem.pv_load_p1rlv1912,1,p1rlv1912.1.2,0.24,1,3,100,25,-0.95,wye,0,2.87081,0.1,0.1,,,50,0,1,0.9,1.1,No,No,GSO_36.2489_-79.7183_15_90,,,,,,1,,(),NO,No,0,NO,NO,-1,-1,2.87081,2.87081,,60,True,
PVSystem.pv_load_p1rlv2525,1,p1rlv2525.1.2,0.24,1,3,100,25,-0.95,wye,0,2.87081,0.1,0.1,,,50,0,1,0.9,1.1,No,No,GSO_36.2120_-79.7183_25_90,,,,,,1,,(),NO,No,0,NO,NO,-1,-1,2.87081,2.87081,,60,True,
PVSystem.pv_load_p1rlv2840,1,p1rlv2840.1.2,0.24,1,3,100,25,-0.95,wye,0,2.87081,0.1,0.1,,,50,0,1,0.9,1.1,No,No,GSO_36.2120_-79.7183_45_90,,,,,,1,,(),NO,No,0,NO,NO,-1,-1,2.87081,2.87081,,60,True,
PVSystem.pv_load_p1rlv3802,1,p1rlv3802.1.2,0.24,1,3,100,25,-0.95,wye,0,2.87081,0.1,0.1,,,50,0,1,0.9,1.1,No,No,GSO_36.1751_-79.7183_25_135,,,,,,1,,(),NO,No,0,NO,NO,-1,-1,2.87081,2.87081,,60,True,
PVSystem.pv_load_p1rlv2651,1,p1rlv2651.1.2,0.24,1,3,100,25,-0.95,wye,0,2.87081,0.1,0.1,,,50,0,1,0.9,1.1,No,No,GSO_36.2120_-79.7183_25_90,,,,,,1,,(),NO,No,0,NO,NO,-1,-1,2.87081,2.87081,,60,True,
PVSystem.pv_load_p1rlv3113,1,p1rlv3113.1.2,0.24,1,3,100,25,-0.95,wye,0,2.87081,0.1,0.1,,,50,0,1,0.9,1.1,No,No,GSO_36.2120_-79.7183_45_90,,,,,,1,,(),NO,No,0,NO,NO,-1,-1,2.87081,2.87081,,60,True,
PVSystem.pv_load_p1rlv3267,1,p1rlv3267.1.2,0.24,1,3,100,25,-0.95,wye,0,2.87081,0.1,0.1,,,50,0,1,0.9,1.1,No,No,GSO_36.1751_-79.7183_15_225,,,,,,1,,(),NO,No,0,NO,NO,-1,-1,2.87081,2.87081,,60,True,
PVSystem.pv_load_p1rlv1906,1,p1rlv1906.1.2,0.24,1,3,100,25,-0.95,wye,0,2.87081,0.1,0.1,,,50,0,1,0.9,1.1,No,No,GSO_36.2489_-79.7183_45_270,,,,,,1,,(),NO,No,0,NO,NO,-1,-1,2.87081,2.87081,,60,True,
PVSystem.pv_load_p1rlv3659,1,p1rlv3659.1.2,0.24,1,3,100,25,-0.95,wye,0,2.87081,0.1,0.1,,,50,0,1,0.9,1.1,No,No,GSO_36.1751_-79.7183_45_135,,,,,,1,,(),NO,No,0,NO,NO,-1,-1,2.87081,2.87081,,60,True,
PVSystem.pv_load_p1rlv2712,1,p1rlv2712.1.2,0.24,1,3,100,25,-0.95,wye,0,2.87081,0.1,0.1,,,50,0,1,0.9,1.1,No,No,GSO_36.2120_-79.7183_25_225,,,,,,1,,(),NO,No,0,NO,NO,-1,-1,2.87081,2.87081,,60,True,
PVSystem.pv_load_p1rlv3078,1,p1rlv3078.1.2,0.24,1,3,100,25,-0.95,wye,0,2.87081,0.1,0.1,,,50,0,1,0.9,1.1,No,No,GSO_36.2120_-79.7183_15_270,,,,,,1,,(),NO,No,0,NO,NO,-1,-1,2.87081,2.87081,,60,True,
PVSystem.pv_load_p1rlv5257,1,p1rlv5257.1.2,0.24,1,3,100,25,-0.95,wye,0,2.87081,0.1,0.1,,,50,0,1,0.9,1.1,No,No,GSO_36.1751_-79.7183_35_270,,,,,,1,,(),NO,No,0,NO,NO,-1,-1,2.87081,2.87081,,60,True,
PVSystem.pv_load_p1rlv2775,1,p1rlv2775.1.2,0.24,1,3,100,25,-0.95,wye,0,2.87081,0.1,0.1,,,50,0,1,0.9,1.1,No,No,GSO_36.2120_-79.7183_25_90,,,,,,1,,(),NO,No,0,NO,NO,-1,-1,2.87081,2.87081,,60,True,
PVSystem.pv_load_p1rlv3133,1,p1rlv3133.1.2,0.24,1,3,100,25,-0.95,wye,0,2.87081,0.1,0.1,,,50,0,1,0.9,1.1,No,No,GSO_36.2120_-79.7183_25_270,,,,,,1,,(),NO,No,0,NO,NO,-1,-1,2.87081,2.87081,,60,True,
PVSystem.pv_load_p1rlv3036,1,p1rlv3036.1.2,0.24,1,3,100,25,-0.95,wye,0,2.87081,0.1,0.1,,,50,0,1,0.9,1.1,No,No,GSO_36.2120_-79.7183_15_90,,,,,,1,,(),NO,No,0,NO,NO,-1,-1,2.87081,2.87081,,60,True,
PVSystem.pv_load_p1rlv1864,1,p1rlv1864.1.2,0.24,1,3,100,25,-0.95,wye,0,2.87081,0.1,0.1,,,50,0,1,0.9,1.1,No,No,GSO_36.2120_-79.7183_15_90,,,,,,1,,(),NO,No,0,NO,NO,-1,-1,2.87081,2.87081,,60,True,
PVSystem.pv_load_p1rlv3757,1,p1rlv3757.1.2,0.24,1,3,100,25,-0.95,wye,0,2.87081,0.1,0.1,,,50,0,1,0.9,1.1,No,No,GSO_36.1751_-79.7183_35_180,,,,,,1,,(),NO,No,0,NO,NO,-1,-1,2.87081,2.87081,,60,True,
PVSystem.pv_load_p1rlv1917,1,p1rlv1917.1.2,0.24,1,3,100,25,-0.95,wye,0,2.87081,0.1,0.1,,,50,0,1,0.9,1.1,No,No,GSO_36.2489_-79.7183_35_135,,,,,,1,,(),NO,No,0,NO,NO,-1,-1,2.87081,2.87081,,60,True,
PVSystem.pv_load_p1rlv3834,1,p1rlv3834.1.2,0.24,1,3,100,25,-0.95,wye,0,2.87081,0.1,0.1,,,50,0,1,0.9,1.1,No,No,GSO_36.1751_-79.7183_25_225,,,,,,1,,(),NO,No,0,NO,NO,-1,-1,2.87081,2.87081,,60,True,
PVSystem.pv_load_p1rlv2657,1,p1rlv2657.1.2,0.24,1,3,100,25,-0.95,wye,0,2.87081,0.1,0.1,,,50,0,1,0.9,1.1,No,No,GSO_36.2120_-79.7183_45_180,,,,,,1,,(),NO,No,0,NO,NO,-1,-1,2.87081,2.87081,,60,True,
PVSystem.pv_load_p1rlv3232,1,p1rlv3232.1.2,0.24,1,3,100,25,-0.95,wye,0,2.87081,0.1,0.1,,,50,0,1,0.9,1.1,No,No,GSO_36.2120_-79.7183_25_180,,,,,,1,,(),NO,No,0,NO,NO,-1,-1,2.87081,2.87081,,60,True,
PVSystem.pv_load_p1rlv3866,1,p1rlv3866.1.2,0.24,1,3,100,25,-0.95,wye,0,2.87081,0.1,0.1,,,50,0,1,0.9,1.1,No,No,GSO_36.1751_-79.7183_25_90,,,,,,1,,(),NO,No,0,NO,NO,-1,-1,2.87081,2.87081,,60,True,
PVSystem.pv_load_p1rlv1364,1,p1rlv1364.1.2,0.24,1,3,100,25,-0.95,wye,0,2.87081,0.1,0.1,,,50,0,1,0.9,1.1,No,No,GSO_36.2489_-79.7183_25_90,,,,,,1,,(),NO,No,0,NO,NO,-1,-1,2.87081,2.87081,,60,True,
PVSystem.pv_load_p1rlv5052,1,p1rlv5052.1.2,0.24,1,3,100,25,-0.95,wye,0,2.87081,0.1,0.1,,,50,0,1,0.9,1.1,No,No,GSO_36.1751_-79.7183_15_180,,,,,,1,,(),NO,No,0,NO,NO,-1,-1,2.87081,2.87081,,60,True,
PVSystem.pv_load_p1rlv6075,1,p1rlv6075.1.2,0.24,1,3,100,25,-0.95,wye,0,2.87081,0.1,0.1,,,50,0,1,0.9,1.1,No,No,GSO_36.1751_-79.7183_15_225,,,,,,1,,(),NO,No,0,NO,NO,-1,-1,2.87081,2.87081,,60,True,
PVSystem.pv_load_p1rlv2534,1,p1rlv2534.1.2,0.24,1,3,100,25,-0.95,wye,0,2.87081,0.1,0.1,,,50,0,1,0.9,1.1,No,No,GSO_36.2120_-79.7183_35_135,,,,,,1,,(),NO,No,0,NO,NO,-1,-1,2.87081,2.87081,,60,True,
PVSystem.pv_load_p1rlv3750,1,p1rlv3750.1.2,0.24,1,3,100,25,-0.95,wye,0,2.87081,0.1,0.1,,,50,0,1,0.9,1.1,No,No,GSO_36.1751_-79.7183_15_225,,,,,,1,,(),NO,No,0,NO,NO,-1,-1,2.87081,2.87081,,60,True,
PVSystem.pv_load_p1rlv4403,3,p1rlv4403.1.2.3,0.48,1,3,100,25,-0.95,wye,0,2.87081,0.1,0.1,,,50,0,1,0.9,1.1,No,No,GSO_36.1751_-79.7183_35_270,,,,,,1,,(),NO,No,0,NO,NO,-1,-1,2.87081,2.87081,,60,True,
PVSystem.pv_load_p1rlv2552,1,p1rlv2552.1.2,0.24,1,3,100,25,-0.95,wye,0,2.87081,0.1,0.1,,,50,0,1,0.9,1.1,No,No,GSO_36.2120_-79.7183_45_135,,,,,,1,,(),NO,No,0,NO,NO,-1,-1,2.87081,2.87081,,60,True,
PVSystem.pv_load_p1rlv2744,1,p1rlv2744.1.2,0.24,1,3,100,25,-0.95,wye,0,2.87081,0.1,0.1,,,50,0,1,0.9,1.1,No,No,GSO_36.2120_-79.7183_25_270,,,,,,1,,(),NO,No,0,NO,NO,-1,-1,2.87081,2.87081,,60,True,
PVSystem.pv_load_p1rlv3055,1,p1rlv3055.1.2,0.24,1,3,100,25,-0.95,wye,0,2.87081,0.1,0.1,,,50,0,1,0.9,1.1,No,No,GSO_36.2120_-79.7183_15_135,,,,,,1,,(),NO,No,0,NO,NO,-1,-1,2.87081,2.87081,,60,True,
PVSystem.pv_load_p1rlv3202,1,p1rlv3202.1.2,0.24,1,3,100,25,-0.95,wye,0,2.87081,0.1,0.1,,,50,0,1,0.9,1.1,No,No,GSO_36.1751_-79.7183_35_225,,,,,,1,,(),NO,No,0,NO,NO,-1,-1,2.87081,2.87081,,60,True,
PVSystem.pv_load_p1rlv2683,1,p1rlv2683.1.2,0.24,1,3,100,25,-0.95,wye,0,2.87081,0.1,0.1,,,50,0,1,0.9,1.1,No,No,GSO_36.2120_-79.7183_25_90,,,,,,1,,(),NO,No,0,NO,NO,-1,-1,2.87081,2.87081,,60,True,
PVSystem.pv_load_p1rlv3867,1,p1rlv3867.1.2,0.24,1,3,100,25,-0.95,wye,0,2.87081,0.1,0.1,,,50,0,1,0.9,1.1,No,No,GSO_36.1751_-79.7183_25_90,,,,,,1,,(),NO,No,0,NO,NO,-1,-1,2.87081,2.87081,,60,True,
PVSystem.pv_load_p1rlv5060,1,p1rlv5060.1.2,0.24,1,3,100,25,-0.95,wye,0,2.87081,0.1,0.1,,,50,0,1,0.9,1.1,No,No,GSO_36.1751_-79.7183_15_90,,,,,,1,,(),NO,No,0,NO,NO,-1,-1,2.87081,2.87081,,60,True,
PVSystem.pv_load_p1rlv2582,1,p1rlv2582.1.2,0.24,1,3,100,25,-0.95,wye,0,2.87081,0.1,0.1,,,50,0,1,0.9,1.1,No,No,GSO_36.2120_-79.7183_25_90,,,,,,1,,(),NO,No,0,NO,NO,-1,-1,2.87081,2.87081,,60,True,
PVSystem.pv_load_p1rlv2765,1,p1rlv2765.1.2,0.24,1,3,100,25,-0.95,wye,0,2.87081,0.1,0.1,,,50,0,1,0.9,1.1,No,No,GSO_36.2120_-79.7183_25_180,,,,,,1,,(),NO,No,0,NO,NO,-1,-1,2.87081,2.87081,,60,True,
PVSystem.pv_load_p1rlv3058,1,p1rlv3058.1.2,0.24,1,3,100,25,-0.95,wye,0,2.87081,0.1,0.1,,,50,0,1,0.9,1.1,No,No,GSO_36.2120_-79.7183_45_180,,,,,,1,,(),NO,No,0,NO,NO,-1,-1,2.87081,2.87081,,60,True,
PVSystem.pv_load_p1rlv2710,1,p1rlv2710.1.2,0.24,1,3,100,25,-0.95,wye,0,2.87081,0.1,0.1,,,50,0,1,0.9,1.1,No,No,GSO_36.2120_-79.7183_45_135,,,,,,1,,(),NO,No,0,NO,NO,-1,-1,2.87081,2.87081,,60,True,
PVSystem.pv_load_p1rlv2721,1,p1rlv2721.1.2,0.24,1,3,100,25,-0.95,wye,0,2.87081,0.1,0.1,,,50,0,1,0.9,1.1,No,No,GSO_36.2120_-79.7183_45_270,,,,,,1,,(),NO,No,0,NO,NO,-1,-1,2.87081,2.87081,,60,True,
PVSystem.pv_load_p1rlv3129,1,p1rlv3129.1.2,0.24,1,3,100,25,-0.95,wye,0,2.87081,0.1,0.1,,,50,0,1,0.9,1.1,No,No,GSO_36.2120_-79.7183_15_180,,,,,,1,,(),NO,No,0,NO,NO,-1,-1,2.87081,2.87081,,60,True,
PVSystem.pv_load_p1rlv3034,1,p1rlv3034.1.2,0.24,1,3,100,25,-0.95,wye,0,2.87081,0.1,0.1,,,50,0,1,0.9,1.1,No,No,GSO_36.2120_-79.7183_15_270,,,,,,1,,(),NO,No,0,NO,NO,-1,-1,2.87081,2.87081,,60,True,
PVSystem.pv_load_p1rlv3119,1,p1rlv3119.1.2,0.24,1,3,100,25,-0.95,wye,0,2.87081,0.1,0.1,,,50,0,1,0.9,1.1,No,No,GSO_36.2120_-79.7183_15_270,,,,,,1,,(),NO,No,0,NO,NO,-1,-1,2.87081,2.87081,,60,True,
PVSystem.pv_load_p1rlv3862,1,p1rlv3862.1.2,0.24,1,3,100,25,-0.95,wye,0,2.87081,0.1,0.1,,,50,0,1,0.9,1.1,No,No,GSO_36.1751_-79.7183_25_180,,,,,,1,,(),NO,No,0,NO,NO,-1,-1,2.87081,2.87081,,60,True,
PVSystem.pv_load_p1rlv3670,1,p1rlv3670.1.2,0.24,1,3,100,25,-0.95,wye,0,2.87081,0.1,0.1,,,50,0,1,0.9,1.1,No,No,GSO_36.1751_-79.7183_35_135,,,,,,1,,(),NO,No,0,NO,NO,-1,-1,2.87081,2.87081,,60,True,
PVSystem.pv_load_p1rlv3827,1,p1rlv3827.1.2,0.24,1,3,100,25,-0.95,wye,0,2.87081,0.1,0.1,,,50,0,1,0.9,1.1,No,No,GSO_36.1751_-79.7183_25_135,,,,,,1,,(),NO,No,0,NO,NO,-1,-1,2.87081,2.87081,,60,True,
PVSystem.pv_load_p1rlv2614,1,p1rlv2614.1.2,0.24,1,3,100,25,-0.95,wye,0,2.87081,0.1,0.1,,,50,0,1,0.9,1.1,No,No,GSO_36.2120_-79.7183_45_135,,,,,,1,,(),NO,No,0,NO,NO,-1,-1,2.87081,2.87081,,60,True,
PVSystem.pv_load_p1rlv3051,1,p1rlv3051.1.2,0.24,1,3,100,25,-0.95,wye,0,2.87081,0.1,0.1,,,50,0,1,0.9,1.1,No,No,GSO_36.2120_-79.7183_15_90,,,,,,1,,(),NO,No,0,NO,NO,-1,-1,2.87081,2.87081,,60,True,
PVSystem.pv_load_p1rlv1989,1,p1rlv1989.1.2,0.24,1,3,100,25,-0.95,wye,0,2.87081,0.1,0.1,,,50,0,1,0.9,1.1,No,No,GSO_36.2120_-79.7183_25_135,,,,,,1,,(),NO,No,0,NO,NO,-1,-1,2.87081,2.87081,,60,True,
PVSystem.pv_load_p1rlv3020,1,p1rlv3020.1.2,0.24,1,3,100,25,-0.95,wye,0,2.87081,0.1,0.1,,,50,0,1,0.9,1.1,No,No,GSO_36.2120_-79.7183_45_180,,,,,,1,,(),NO,No,0,NO,NO,-1,-1,2.87081,2.87081,,60,True,
PVSystem.pv_load_p1rlv1933,1,p1rlv1933.1.2,0.24,1,3,100,25,-0.95,wye,0,2.87081,0.1,0.1,,,50,0,1,0.9,1.1,No,No,GSO_36.2489_-79.7183_15_270,,,,,,1,,(),NO,No,0,NO,NO,-1,-1,2.87081,2.87081,,60,True,
PVSystem.pv_load_p1rlv3704,1,p1rlv3704.1.2,0.24,1,3,100,25,-0.95,wye,0,2.87081,0.1,0.1,,,50,0,1,0.9,1.1,No,No,GSO_36.1751_-79.7183_35_180,,,,,,1,,(),NO,No,0,NO,NO,-1,-1,2.87081,2.87081,,60,True,
PVSystem.pv_load_p1rlv2763,1,p1rlv2763.1.2,0.24,1,3,100,25,-0.95,wye,0,2.87081,0.1,0.1,,,50,0,1,0.9,1.1,No,No,GSO_36.2120_-79.7183_45_225,,,,,,1,,(),NO,No,0,NO,NO,-1,-1,2.87081,2.87081,,60,True,
PVSystem.pv_load_p1rlv2825,1,p1rlv2825.1.2,0.24,1,3,100,25,-0.95,wye,0,2.87081,0.1,0.1,,,50,0,1,0.9,1.1,No,No,GSO_36.2120_-79.7183_15_180,,,,,,1,,(),NO,No,0,NO,NO,-1,-1,2.87081,2.87081,,60,True,
PVSystem.pv_load_p1rlv2000,1,p1rlv2000.1.2,0.24,1,3,100,25,-0.95,wye,0,2.87081,0.1,0.1,,,50,0,1,0.9,1.1,No,No,GSO_36.2489_-79.7183_25_270,,,,,,1,,(),NO,No,0,NO,NO,-1,-1,2.87081,2.87081,,60,True,
PVSystem.pv_load_p1rlv1994,1,p1rlv1994.1.2,0.24,1,3,100,25,-0.95,wye,0,2.87081,0.1,0.1,,,50,0,1,0.9,1.1,No,No,GSO_36.2120_-79.7183_35_90,,,,,,1,,(),NO,No,0,NO,NO,-1,-1,2.87081,2.87081,,60,True,
PVSystem.pv_load_p1rlv3683,1,p1rlv3683.1.2,0.24,1,3,100,25,-0.95,wye,0,2.87081,0.1,0.1,,,50,0,1,0.9,1.1,No,No,GSO_36.1751_-79.7183_15_270,,,,,,1,,(),NO,No,0,NO,NO,-1,-1,2.87081,2.87081,,60,True,
PVSystem.pv_load_p1rlv3815,1,p1rlv3815.1.2,0.24,1,3,100,25,-0.95,wye,0,2.87081,0.1,0.1,,,50,0,1,0.9,1.1,No,No,GSO_36.1751_-79.7183_35_180,,,,,,1,,(),NO,No,0,NO,NO,-1,-1,2.87081,2.87081,,60,True,
PVSystem.pv_load_p1rlv3130,1,p1rlv3130.1.2,0.24,1,3,100,25,-0.95,wye,0,2.87081,0.1,0.1,,,50,0,1,0.9,1.1,No,No,GSO_36.2120_-79.7183_35_270,,,,,,1,,(),NO,No,0,NO,NO,-1,-1,2.87081,2.87081,,60,True,
PVSystem.pv_load_p1rlv3136,1,p1rlv3136.1.2,0.24,1,3,100,25,-0.95,wye,0,2.87081,0.1,0.1,,,50,0,1,0.9,1.1,No,No,GSO_36.2120_-79.7183_15_270,,,,,,1,,(),NO,No,0,NO,NO,-1,-1,2.87081,2.87081,,60,True,
PVSystem.pv_load_p1rlv1971,1,p1rlv1971.1.2,0.24,1,3,100,25,-0.95,wye,0,2.87081,0.1,0.1,,,50,0,1,0.9,1.1,No,No,GSO_36.2120_-79.7183_45_90,,,,,,1,,(),NO,No,0,NO,NO,-1,-1,2.87081,2.87081,,60,True,
PVSystem.pv_load_p1rlv1978,1,p1rlv1978.1.2,0.24,1,3,100,25,-0.95,wye,0,2.87081,0.1,0.1,,,50,0,1,0.9,1.1,No,No,GSO_36.2120_-79.7183_35_90,,,,,,1,,(),NO,No,0,NO,NO,-1,-1,2.87081,2.87081,,60,True,
PVSystem.pv_load_p1rlv2793,1,p1rlv2793.1.2,0.24,1,3,100,25,-0.95,wye,0,2.87081,0.1,0.1,,,50,0,1,0.9,1.1,No,No,GSO_36.2120_-79.7183_15_270,,,,,,1,,(),NO,No,0,NO,NO,-1,-1,2.87081,2.87081,,60,True,
PVSystem.pv_load_p1rlv3776,1,p1rlv3776.1.2,0.24,1,3,100,25,-0.95,wye,0,2.87081,0.1,0.1,,,50,0,1,0.9,1.1,No,No,GSO_36.1751_-79.7183_35_225,,,,,,1,,(),NO,No,0,NO,NO,-1,-1,2.87081,2.87081,,60,True,
PVSystem.pv_load_p1rlv2850,1,p1rlv2850.1.2,0.24,1,3,100,25,-0.95,wye,0,2.87081,0.1,0.1,,,50,0,1,0.9,1.1,No,No,GSO_36.2120_-79.7183_15_180,,,,,,1,,(),NO,No,0,NO,NO,-1,-1,2.87081,2.87081,,60,True,
PVSystem.pv_load_p1rlv3102,1,p1rlv3102.1.2,0.24,1,3,100,25,-0.95,wye,0,2.87081,0.1,0.1,,,50,0,1,0.9,1.1,No,No,GSO_36.2120_-79.7183_35_270,,,,,,1,,(),NO,No,0,NO,NO,-1,-1,2.87081,2.87081,,60,True,
PVSystem.pv_load_p1rlv1926,1,p1rlv1926.1.2,0.24,1,3,100,25,-0.95,wye,0,2.87081,0.1,0.1,,,50,0,1,0.9,1.1,No,No,GSO_36.2489_-79.7183_15_270,,,,,,1,,(),NO,No,0,NO,NO,-1,-1,2.87081,2.87081,,60,True,
PVSystem.pv_load_p1rlv2013,1,p1rlv2013.1.2,0.24,1,3,100,25,-0.95,wye,0,2.87081,0.1,0.1,,,50,0,1,0.9,1.1,No,No,GSO_36.2120_-79.7183_25_90,,,,,,1,,(),NO,No,0,NO,NO,-1,-1,2.87081,2.87081,,60,True,
PVSystem.pv_load_p1rlv3724,1,p1rlv3724.1.2,0.24,1,3,100,25,-0.95,wye,0,2.87081,0.1,0.1,,,50,0,1,0.9,1.1,No,No,GSO_36.1751_-79.7183_45_225,,,,,,1,,(),NO,No,0,NO,NO,-1,-1,2.87081,2.87081,,60,True,
PVSystem.pv_load_p1rlv2009,1,p1rlv2009.1.2,0.24,1,3,100,25,-0.95,wye,0,2.87081,0.1,0.1,,,50,0,1,0.9,1.1,No,No,GSO_36.2120_-79.7183_25_90,,,,,,1,,(),NO,No,0,NO,NO,-1,-1,2.87081,2.87081,,60,True,
PVSystem.pv_load_p1rlv3833,1,p1rlv3833.1.2,0.24,1,3,100,25,-0.95,wye,0,2.87081,0.1,0.1,,,50,0,1,0.9,1.1,No,No,GSO_36.1751_-79.7183_35_90,,,,,,1,,(),NO,No,0,NO,NO,-1,-1,2.87081,2.87081,,60,True,
PVSystem.pv_load_p1rlv3686,1,p1rlv3686.1.2,0.24,1,3,100,25,-0.95,wye,0,2.87081,0.1,0.1,,,50,0,1,0.9,1.1,No,No,GSO_36.1751_-79.7183_25_90,,,,,,1,,(),NO,No,0,NO,NO,-1,-1,2.87081,2.87081,,60,True,
PVSystem.pv_load_p1rlv2597,1,p1rlv2597.1.2,0.24,1,3,100,25,-0.95,wye,0,2.87081,0.1,0.1,,,50,0,1,0.9,1.1,No,No,GSO_36.2120_-79.7183_15_135,,,,,,1,,(),NO,No,0,NO,NO,-1,-1,2.87081,2.87081,,60,True,
PVSystem.pv_load_p1rlv2537,1,p1rlv2537.1.2,0.24,1,3,100,25,-0.95,wye,0,2.87081,0.1,0.1,,,50,0,1,0.9,1.1,No,No,GSO_36.2120_-79.7183_35_135,,,,,,1,,(),NO,No,0,NO,NO,-1,-1,2.87081,2.87081,,60,True,
PVSystem.pv_load_p1rlv1952,1,p1rlv1952.1.2,0.24,1,3,100,25,-0.95,wye,0,2.87081,0.1,0.1,,,50,0,1,0.9,1.1,No,No,GSO_36.2120_-79.7183_25_180,,,,,,1,,(),NO,No,0,NO,NO,-1,-1,2.87081,2.87081,,60,True,
PVSystem.pv_load_p1rlv3065,1,p1rlv3065.1.2,0.24,1,3,100,25,-0.95,wye,0,2.87081,0.1,0.1,,,50,0,1,0.9,1.1,No,No,GSO_36.2120_-79.7183_25_270,,,,,,1,,(),NO,No,0,NO,NO,-1,-1,2.87081,2.87081,,60,True,
PVSystem.pv_load_p1rlv2671,1,p1rlv2671.1.2,0.24,1,3,100,25,-0.95,wye,0,2.87081,0.1,0.1,,,50,0,1,0.9,1.1,No,No,GSO_36.2120_-79.7183_45_270,,,,,,1,,(),NO,No,0,NO,NO,-1,-1,2.87081,2.87081,,60,True,
PVSystem.pv_load_p1rlv2832,1,p1rlv2832.1.2,0.24,1,3,100,25,-0.95,wye,0,2.87081,0.1,0.1,,,50,0,1,0.9,1.1,No,No,GSO_36.2120_-79.7183_15_225,,,,,,1,,(),NO,No,0,NO,NO,-1,-1,2.87081,2.87081,,60,True,
PVSystem.pv_load_p1rlv3844,1,p1rlv3844.1.2,0.24,1,3,100,25,-0.95,wye,0,2.87081,0.1,0.1,,,50,0,1,0.9,1.1,No,No,GSO_36.1751_-79.7183_35_90,,,,,,1,,(),NO,No,0,NO,NO,-1,-1,2.87081,2.87081,,60,True,
PVSystem.pv_load_p1rlv2800,1,p1rlv2800.1.2,0.24,1,3,100,25,-0.95,wye,0,2.87081,0.1,0.1,,,50,0,1,0.9,1.1,No,No,GSO_36.2120_-79.7183_15_180,,,,,,1,,(),NO,No,0,NO,NO,-1,-1,2.87081,2.87081,,60,True,
PVSystem.pv_load_p1rlv2643,1,p1rlv2643.1.2,0.24,1,3,100,25,-0.95,wye,0,2.87081,0.1,0.1,,,50,0,1,0.9,1.1,No,No,GSO_36.2120_-79.7183_15_180,,,,,,1,,(),NO,No,0,NO,NO,-1,-1,2.87081,2.87081,,60,True,
PVSystem.pv_load_p1rlv3747,1,p1rlv3747.1.2,0.24,1,3,100,25,-0.95,wye,0,2.87081,0.1,0.1,,,50,0,1,0.9,1.1,No,No,GSO_36.1751_-79.7183_15_180,,,,,,1,,(),NO,No,0,NO,NO,-1,-1,2.87081,2.87081,,60,True,
PVSystem.pv_load_p1rlv3112,1,p1rlv3112.1.2,0.24,1,3,100,25,-0.95,wye,0,2.87081,0.1,0.1,,,50,0,1,0.9,1.1,No,No,GSO_36.2120_-79.7183_35_180,,,,,,1,,(),NO,No,0,NO,NO,-1,-1,2.87081,2.87081,,60,True,
PVSystem.pv_load_p1rlv3853,1,p1rlv3853.1.2,0.24,1,3,100,25,-0.95,wye,0,2.87081,0.1,0.1,,,50,0,1,0.9,1.1,No,No,GSO_36.1751_-79.7183_15_90,,,,,,1,,(),NO,No,0,NO,NO,-1,-1,2.87081,2.87081,,60,True,
PVSystem.pv_load_p1rlv2698,1,p1rlv2698.1.2,0.24,1,3,100,25,-0.95,wye,0,2.87081,0.1,0.1,,,50,0,1,0.9,1.1,No,No,GSO_36.2120_-79.7183_35_135,,,,,,1,,(),NO,No,0,NO,NO,-1,-1,2.87081,2.87081,,60,True,
PVSystem.pv_load_p1rlv3185,1,p1rlv3185.1.2,0.24,1,3,100,25,-0.95,wye,0,2.87081,0.1,0.1,,,50,0,1,0.9,1.1,No,No,GSO_36.1751_-79.7183_15_270,,,,,,1,,(),NO,No,0,NO,NO,-1,-1,2.87081,2.87081,,60,True,
PVSystem.pv_load_p1rlv2760,1,p1rlv2760.1.2,0.24,1,3,100,25,-0.95,wye,0,2.87081,0.1,0.1,,,50,0,1,0.9,1.1,No,No,GSO_36.2120_-79.7183_45_225,,,,,,1,,(),NO,No,0,NO,NO,-1,-1,2.87081,2.87081,,60,True,
PVSystem.pv_load_p1rlv2860,1,p1rlv2860.1.2,0.24,1,3,100,25,-0.95,wye,0,2.87081,0.1,0.1,,,50,0,1,0.9,1.1,No,No,GSO_36.2120_-79.7183_15_270,,,,,,1,,(),NO,No,0,NO,NO,-1,-1,2.87081,2.87081,,60,True,
PVSystem.pv_load_p1rlv1962,1,p1rlv1962.1.2,0.24,1,3,100,25,-0.95,wye,0,2.87081,0.1,0.1,,,50,0,1,0.9,1.1,No,No,GSO_36.2120_-79.7183_45_90,,,,,,1,,(),NO,No,0,NO,NO,-1,-1,2.87081,2.87081,,60,True,
PVSystem.pv_load_p1rlv1910,1,p1rlv1910.1.2,0.24,1,3,100,25,-0.95,wye,0,2.87081,0.1,0.1,,,50,0,1,0.9,1.1,No,No,GSO_36.2489_-79.7183_35_135,,,,,,1,,(),NO,No,0,NO,NO,-1,-1,2.87081,2.87081,,60,True,
PVSystem.pv_load_p1rlv2533,1,p1rlv2533.1.2,0.24,1,3,100,25,-0.95,wye,0,2.87081,0.1,0.1,,,50,0,1,0.9,1.1,No,No,GSO_36.2120_-79.7183_15_90,,,,,,1,,(),NO,No,0,NO,NO,-1,-1,2.87081,2.87081,,60,True,
PVSystem.pv_load_p1rlv3857,1,p1rlv3857.1.2,0.24,1,3,100,25,-0.95,wye,0,2.87081,0.1,0.1,,,50,0,1,0.9,1.1,No,No,GSO_36.1751_-79.7183_25_90,,,,,,1,,(),NO,No,0,NO,NO,-1,-1,2.87081,2.87081,,60,True,
PVSystem.pv_load_p1rlv3865,1,p1rlv3865.1.2,0.24,1,3,100,25,-0.95,wye,0,2.87081,0.1,0.1,,,50,0,1,0.9,1.1,No,No,GSO_36.1751_-79.7183_35_90,,,,,,1,,(),NO,No,0,NO,NO,-1,-1,2.87081,2.87081,,60,True,
PVSystem.pv_load_p1rlv3167,1,p1rlv3167.1.2,0.24,1,3,100,25,-0.95,wye,0,2.87081,0.1,0.1,,,50,0,1,0.9,1.1,No,No,GSO_36.1751_-79.7183_45_270,,,,,,1,,(),NO,No,0,NO,NO,-1,-1,2.87081,2.87081,,60,True,
PVSystem.pv_load_p1rlv2692,1,p1rlv2692.1.2,0.24,1,3,100,25,-0.95,wye,0,2.87081,0.1,0.1,,,50,0,1,0.9,1.1,No,No,GSO_36.2120_-79.7183_15_180,,,,,,1,,(),NO,No,0,NO,NO,-1,-1,2.87081,2.87081,,60,True,
PVSystem.pv_load_p1rlv3259,1,p1rlv3259.1.2,0.24,1,3,100,25,-0.95,wye,0,2.87081,0.1,0.1,,,50,0,1,0.9,1.1,No,No,GSO_36.2120_-79.7183_45_90,,,,,,1,,(),NO,No,0,NO,NO,-1,-1,2.87081,2.87081,,60,True,
PVSystem.pv_load_p1rlv6082,1,p1rlv6082.1.2,0.24,1,3,100,25,-0.95,wye,0,2.87081,0.1,0.1,,,50,0,1,0.9,1.1,No,No,GSO_36.1751_-79.7183_55_180,,,,,,1,,(),NO,No,0,NO,NO,-1,-1,2.87081,2.87081,,60,True,
PVSystem.pv_load_p1rlv5042,1,p1rlv5042.1.2,0.24,1,3,100,25,-0.95,wye,0,2.87081,0.1,0.1,,,50,0,1,0.9,1.1,No,No,GSO_36.1751_-79.7183_25_225,,,,,,1,,(),NO,No,0,NO,NO,-1,-1,2.87081,2.87081,,60,True,
PVSystem.pv_load_p1rlv2753,1,p1rlv2753.1.2,0.24,1,3,100,25,-0.95,wye,0,2.87081,0.1,0.1,,,50,0,1,0.9,1.1,No,No,GSO_36.2120_-79.7183_25_180,,,,,,1,,(),NO,No,0,NO,NO,-1,-1,2.87081,2.87081,,60,True,
PVSystem.pv_load_p1rlv1924,1,p1rlv1924.1.2,0.24,1,3,100,25,-0.95,wye,0,2.87081,0.1,0.1,,,50,0,1,0.9,1.1,No,No,GSO_36.2489_-79.7183_25_270,,,,,,1,,(),NO,No,0,NO,NO,-1,-1,2.87081,2.87081,,60,True,
PVSystem.pv_load_p1rlv1362,1,p1rlv1362.1.2,0.24,1,3,100,25,-0.95,wye,0,2.87081,0.1,0.1,,,50,0,1,0.9,1.1,No,No,GSO_36.2489_-79.7183_25_180,,,,,,1,,(),NO,No,0,NO,NO,-1,-1,2.87081,2.87081,,60,True,
PVSystem.pv_load_p1rlv2819,1,p1rlv2819.1.2,0.24,1,3,100,25,-0.95,wye,0,2.87081,0.1,0.1,,,50,0,1,0.9,1.1,No,No,GSO_36.2120_-79.7183_25_180,,,,,,1,,(),NO,No,0,NO,NO,-1,-1,2.87081,2.87081,,60,True,
PVSystem.pv_load_p1rlv2747,1,p1rlv2747.1.2,0.24,1,3,100,25,-0.95,wye,0,2.87081,0.1,0.1,,,50,0,1,0.9,1.1,No,No,GSO_36.2120_-79.7183_25_90,,,,,,1,,(),NO,No,0,NO,NO,-1,-1,2.87081,2.87081,,60,True,
